panel,method,piece,dataset,beat_fmeasure,beat_cemgil,beat_cemgil_max,beat_cemgil_bt_legacy,beat_cmlc,beat_cmlt,beat_amlc,beat_amlt,downbeat_fmeasure,downbeat_cemgil,downbeat_cemgil_max,downbeat_cemgil_bt_legacy,downbeat_cmlc,downbeat_cmlt,downbeat_amlc,downbeat_amlt,beat_diag_count,beat_diag_ibi_lt_140ms,beat_diag_ibi_lt_200ms,beat_diag_log_ibi_jump_p95,downbeat_diag_count,downbeat_diag_ibi_lt_140ms,downbeat_diag_ibi_lt_200ms,downbeat_diag_log_ibi_jump_p95,downbeats_off_beat,source_path
mscnn_smc_oof,one_sided,smc/smc_005/track.npy,smc,0.3902439024390244,0.25515448699203264,0.25515448699203264,0.25515448699203264,0.34782608695652173,0.5652173913043478,0.34782608695652173,0.5652173913043478,,,,,,,,,20.0,0.0,0.0,1.0777002446247728,10.0,0.0,0.0,1.0762120822409877,0.0,/media/mengh/SharedData/zhanh/auto_structbeat/caches/8fold/mscnn_fold0_val/smc__smc_005__track.npy.npz
mscnn_smc_oof,one_sided,smc/smc_011/track.npy,smc,0.7619047619047618,0.6351614080776712,0.6351614080776712,0.6351614080776712,0.3333333333333333,0.6481481481481481,0.3333333333333333,0.6481481481481481,,,,,,,,,61.0,0.0,0.0,0.34944236780462096,16.0,0.0,0.0,0.5965728752169684,0.0,/media/mengh/SharedData/zhanh/auto_structbeat/caches/8fold/mscnn_fold0_val/smc__smc_011__track.npy.npz
mscnn_smc_oof,one_sided,smc/smc_022/track.npy,smc,0.9367088607594938,0.7567319671272537,0.7567319671272537,0.7567319671272537,0.5121951219512195,0.8536585365853658,0.5121951219512195,0.8536585365853658,,,,,,,,,45.0,0.0,0.0,0.5504991611787221,20.0,0.0,0.0,0.2819193385142092,0.0,/media/mengh/SharedData/zhanh/auto_structbeat/caches/8fold/mscnn_fold0_val/smc__smc_022__track.npy.npz
mscnn_smc_oof,one_sided,smc/smc_042/track.npy,smc,0.6470588235294118,0.4840442385828324,0.560759121525209,0.5224016800540208,0.1951219512195122,0.2926829268292683,0.24528301886792453,0.5471698113207547,,,,,,,,,49.0,0.0,0.0,0.6803792962343111,21.0,0.0,0.0,0.6872180262097302,0.0,/media/mengh/SharedData/zhanh/auto_structbeat/caches/8fold/mscnn_fold0_val/smc__smc_042__track.npy.npz
mscnn_smc_oof,one_sided,smc/smc_044/track.npy,smc,0.6835443037974683,0.5018008944987025,0.5018008944987025,0.5018008944987025,0.3953488372093023,0.6046511627906976,0.3953488372093023,0.6046511627906976,,,,,,,,,42.0,0.0,0.0,0.506943511343047,24.0,0.0,0.0,1.1309107070123738,0.0,/media/mengh/SharedData/zhanh/auto_structbeat/caches/8fold/mscnn_fold0_val/smc__smc_044__track.npy.npz
mscnn_smc_oof,one_sided,smc/smc_054/track.npy,smc,0.9428571428571428,0.7524971512660379,0.7524971512660379,0.7524971512660379,1.0,1.0,1.0,1.0,,,,,,,,,35.0,0.0,0.0,0.07207575625816003,9.0,0.0,0.0,0.014107671681268582,0.0,/media/mengh/SharedData/zhanh/auto_structbeat/caches/8fold/mscnn_fold0_val/smc__smc_054__track.npy.npz
mscnn_smc_oof,one_sided,smc/smc_055/track.npy,smc,0.5714285714285713,0.4020749100011899,0.5293865774378292,0.46573074371950957,0.05128205128205128,0.1282051282051282,0.25,0.45,,,,,,,,,20.0,0.0,0.0,2.0396975535691793,11.0,0.0,0.0,1.6387210646816512,0.0,/media/mengh/SharedData/zhanh/auto_structbeat/caches/8fold/mscnn_fold0_val/smc__smc_055__track.npy.npz
mscnn_smc_oof,one_sided,smc/smc_067/track.npy,smc,0.7959183673469388,0.539582963878157,0.539582963878157,0.539582963878157,0.64,0.82,0.64,0.82,,,,,,,,,55.0,0.0,0.0,0.3325870085010386,11.0,0.0,0.0,0.7228352149179679,0.0,/media/mengh/SharedData/zhanh/auto_structbeat/caches/8fold/mscnn_fold0_val/smc__smc_067__track.npy.npz
mscnn_smc_oof,one_sided,smc/smc_088/track.npy,smc,0.5,0.31618833418453773,0.31618833418453773,0.31618833418453773,0.38235294117647056,0.6176470588235294,0.38235294117647056,0.6176470588235294,,,,,,,,,39.0,0.0,0.02631578947368421,1.3289759520445152,17.0,0.0,0.0,1.2653592091229597,0.0,/media/mengh/SharedData/zhanh/auto_structbeat/caches/8fold/mscnn_fold0_val/smc__smc_088__track.npy.npz
mscnn_smc_oof,one_sided,smc/smc_099/track.npy,smc,0.53125,0.4291988790689258,0.4291988790689258,0.4291988790689258,0.24242424242424243,0.7272727272727273,0.24242424242424243,0.7272727272727273,,,,,,,,,38.0,0.0,0.0,0.517231024326914,18.0,0.0,0.0,0.561954799069869,0.0,/media/mengh/SharedData/zhanh/auto_structbeat/caches/8fold/mscnn_fold0_val/smc__smc_099__track.npy.npz
mscnn_smc_oof,one_sided,smc/smc_103/track.npy,smc,0.5217391304347826,0.40962590477424105,0.40962590477424105,0.40962590477424105,0.18518518518518517,0.3148148148148148,0.18518518518518517,0.3148148148148148,,,,,,,,,43.0,0.0,0.0,0.6599949732430416,20.0,0.0,0.0,1.267006625276016,0.0,/media/mengh/SharedData/zhanh/auto_structbeat/caches/8fold/mscnn_fold0_val/smc__smc_103__track.npy.npz
mscnn_smc_oof,one_sided,smc/smc_135/track.npy,smc,0.8045977011494252,0.6740568039596083,0.6740568039596083,0.6740568039596083,0.41304347826086957,0.6304347826086957,0.41304347826086957,0.6304347826086957,,,,,,,,,43.0,0.0,0.023809523809523808,1.6650077635889138,28.0,0.0,0.037037037037037035,1.9682484473084674,0.0,/media/mengh/SharedData/zhanh/auto_structbeat/caches/8fold/mscnn_fold0_val/smc__smc_135__track.npy.npz
mscnn_smc_oof,one_sided,smc/smc_150/track.npy,smc,0.9618320610687023,0.7880690893537059,0.7880690893537059,0.7880690893537059,0.5223880597014925,0.9402985074626866,0.5223880597014925,0.9402985074626866,,,,,,,,,75.0,0.0,0.0,0.08004270767354893,38.0,0.0,0.0,0.08045820933218982,0.0,/media/mengh/SharedData/zhanh/auto_structbeat/caches/8fold/mscnn_fold0_val/smc__smc_150__track.npy.npz
mscnn_smc_oof,one_sided,smc/smc_168/track.npy,smc,0.2,0.167839467738171,0.2085460900814273,0.18819277890979913,0.047619047619047616,0.09523809523809523,0.08108108108108109,0.24324324324324326,,,,,,,,,21.0,0.0,0.0,0.753061860798481,13.0,0.0,0.0,1.4401607110213295,0.0,/media/mengh/SharedData/zhanh/auto_structbeat/caches/8fold/mscnn_fold0_val/smc__smc_168__track.npy.npz
mscnn_smc_oof,one_sided,smc/smc_171/track.npy,smc,0.4347826086956521,0.3479813140058852,0.5674567200566515,0.4577190170312684,0.0,0.0,0.3387096774193548,0.7741935483870968,,,,,,,,,71.0,0.0,0.0,0.2713405168559725,35.0,0.0,0.0,0.18586137868315483,0.0,/media/mengh/SharedData/zhanh/auto_structbeat/caches/8fold/mscnn_fold0_val/smc__smc_171__track.npy.npz
mscnn_smc_oof,one_sided,smc/smc_179/track.npy,smc,0.5660377358490566,0.4221424136412583,0.4221424136412583,0.4221424136412583,0.15625,0.3125,0.15625,0.3125,,,,,,,,,35.0,0.11764705882352941,0.14705882352941177,1.6094379124341178,24.0,0.043478260869565216,0.043478260869565216,1.4105889305715693,0.0,/media/mengh/SharedData/zhanh/auto_structbeat/caches/8fold/mscnn_fold0_val/smc__smc_179__track.npy.npz
mscnn_smc_oof,one_sided,smc/smc_188/track.npy,smc,1.0,0.771640317891743,0.771640317891743,0.771640317891743,1.0,1.0,1.0,1.0,,,,,,,,,32.0,0.0,0.0,0.12364191349094508,16.0,0.0,0.0,0.0999323370029835,0.0,/media/mengh/SharedData/zhanh/auto_structbeat/caches/8fold/mscnn_fold0_val/smc__smc_188__track.npy.npz
mscnn_smc_oof,one_sided,smc/smc_190/track.npy,smc,0.6153846153846153,0.5034653938143712,0.5034653938143712,0.5034653938143712,0.6285714285714286,0.6285714285714286,0.6285714285714286,0.6285714285714286,,,,,,,,,47.0,0.0,0.0,0.8231722628294805,22.0,0.0,0.0,0.7071785799745874,0.0,/media/mengh/SharedData/zhanh/auto_structbeat/caches/8fold/mscnn_fold0_val/smc__smc_190__track.npy.npz
mscnn_smc_oof,one_sided,smc/smc_197/track.npy,smc,0.3404255319148936,0.21646263727123824,0.21646263727123824,0.21646263727123824,0.6153846153846154,0.6538461538461539,0.6153846153846154,0.6538461538461539,,,,,,,,,29.0,0.0,0.0,0.9650520329631724,15.0,0.0,0.0,0.8545313971343299,0.0,/media/mengh/SharedData/zhanh/auto_structbeat/caches/8fold/mscnn_fold0_val/smc__smc_197__track.npy.npz
mscnn_smc_oof,one_sided,smc/smc_208/track.npy,smc,0.7936507936507936,0.568624419746321,0.568624419746321,0.568624419746321,0.5,0.875,0.5,0.875,,,,,,,,,36.0,0.0,0.0,0.6686159673710951,17.0,0.0,0.0,0.5512459254620123,0.0,/media/mengh/SharedData/zhanh/auto_structbeat/caches/8fold/mscnn_fold0_val/smc__smc_208__track.npy.npz
mscnn_smc_oof,one_sided,smc/smc_212/track.npy,smc,0.4761904761904762,0.3569079457134574,0.3569079457134574,0.3569079457134574,0.125,0.3333333333333333,0.125,0.3333333333333333,,,,,,,,,22.0,0.0,0.0,1.1535204427251013,14.0,0.0,0.0,1.356963728610629,0.0,/media/mengh/SharedData/zhanh/auto_structbeat/caches/8fold/mscnn_fold0_val/smc__smc_212__track.npy.npz
mscnn_smc_oof,one_sided,smc/smc_237/track.npy,smc,0.3661971830985915,0.2864766622447416,0.2864766622447416,0.2864766622447416,0.23684210526315788,0.5789473684210527,0.23684210526315788,0.5789473684210527,,,,,,,,,37.0,0.0,0.0,0.6304895433264528,16.0,0.0,0.0,0.8458322880757035,0.0,/media/mengh/SharedData/zhanh/auto_structbeat/caches/8fold/mscnn_fold0_val/smc__smc_237__track.npy.npz
mscnn_smc_oof,one_sided,smc/smc_241/track.npy,smc,0.2,0.13810303842497665,0.15093003257202772,0.14451653549850219,0.0851063829787234,0.23404255319148937,0.0851063829787234,0.23404255319148937,,,,,,,,,55.0,0.0,0.0,0.6744550475477942,22.0,0.0,0.0,0.725840766065778,0.0,/media/mengh/SharedData/zhanh/auto_structbeat/caches/8fold/mscnn_fold0_val/smc__smc_241__track.npy.npz
mscnn_smc_oof,one_sided,smc/smc_260/track.npy,smc,0.8648648648648648,0.6711305162241027,0.6711305162241027,0.6711305162241027,0.41379310344827586,0.7586206896551724,0.41379310344827586,0.7586206896551724,,,,,,,,,66.0,0.0,0.0,0.6806399392190913,30.0,0.0,0.0,0.6450235544751788,0.0,/media/mengh/SharedData/zhanh/auto_structbeat/caches/8fold/mscnn_fold0_val/smc__smc_260__track.npy.npz
mscnn_smc_oof,one_sided,smc/smc_274/track.npy,smc,0.0,6.88048708297901e-05,0.851476311691766,0.4257725582812979,0.0,0.0,0.9879518072289156,0.9879518072289156,,,,,,,,,95.0,0.0,0.0,0.09721949130539574,46.0,0.0,0.0,1.369136596384952,0.0,/media/mengh/SharedData/zhanh/auto_structbeat/caches/8fold/mscnn_fold0_val/smc__smc_274__track.npy.npz
mscnn_smc_oof,one_sided,smc/smc_286/track.npy,smc,1.0,0.9059684911519168,0.9059684911519168,0.9059684911519168,1.0,1.0,1.0,1.0,,,,,,,,,59.0,0.0,0.0,0.2561411666714461,15.0,0.0,0.0,0.05888894561542013,0.0,/media/mengh/SharedData/zhanh/auto_structbeat/caches/8fold/mscnn_fold0_val/smc__smc_286__track.npy.npz
mscnn_smc_oof,one_sided,smc/smc_289/track.npy,smc,1.0,0.8165058361295914,0.8165058361295914,0.8165058361295914,1.0,1.0,1.0,1.0,,,,,,,,,66.0,0.0,0.0,0.06669137449867606,16.0,0.0,0.0,0.03315730756323583,0.0,/media/mengh/SharedData/zhanh/auto_structbeat/caches/8fold/mscnn_fold0_val/smc__smc_289__track.npy.npz
mscnn_smc_oof,one_sided,smc/smc_006/track.npy,smc,0.7887323943661971,0.7012569647570498,0.7012569647570498,0.7012569647570498,0.25,0.4722222222222222,0.25,0.4722222222222222,,,,,,,,,46.0,0.0,0.0,0.7196891513397744,30.0,0.0,0.0,0.7079169791432415,0.0,/media/mengh/SharedData/zhanh/auto_structbeat/caches/8fold/mscnn_fold1_val/smc__smc_006__track.npy.npz
mscnn_smc_oof,one_sided,smc/smc_018/track.npy,smc,0.43697478991596644,0.3500875803967831,0.38492291272587525,0.3675052465613292,0.02857142857142857,0.14285714285714285,0.10309278350515463,0.18556701030927836,,,,,,,,,84.0,0.0,0.012048192771084338,1.0903971361035465,44.0,0.0,0.0,1.79175946922806,0.0,/media/mengh/SharedData/zhanh/auto_structbeat/caches/8fold/mscnn_fold1_val/smc__smc_018__track.npy.npz
mscnn_smc_oof,one_sided,smc/smc_026/track.npy,smc,0.4313725490196078,0.3331015615104719,0.3331015615104719,0.3331015615104719,0.1724137931034483,0.3448275862068966,0.1724137931034483,0.3448275862068966,,,,,,,,,25.0,0.0,0.0,1.0909918527950495,15.0,0.0,0.0,0.7049832723213946,0.0,/media/mengh/SharedData/zhanh/auto_structbeat/caches/8fold/mscnn_fold1_val/smc__smc_026__track.npy.npz
mscnn_smc_oof,one_sided,smc/smc_027/track.npy,smc,0.5897435897435899,0.45533342940131216,0.45533342940131216,0.45533342940131216,0.24390243902439024,0.5609756097560976,0.24390243902439024,0.5609756097560976,,,,,,,,,46.0,0.0,0.0,0.5081784327819369,12.0,0.0,0.0,0.4152696848464936,0.0,/media/mengh/SharedData/zhanh/auto_structbeat/caches/8fold/mscnn_fold1_val/smc__smc_027__track.npy.npz
mscnn_smc_oof,one_sided,smc/smc_065/track.npy,smc,0.891566265060241,0.6687708249361918,0.6687708249361918,0.6687708249361918,0.9302325581395349,0.9302325581395349,0.9302325581395349,0.9302325581395349,,,,,,,,,46.0,0.0,0.0,0.1327655529153145,12.0,0.0,0.0,0.042559614418795334,0.0,/media/mengh/SharedData/zhanh/auto_structbeat/caches/8fold/mscnn_fold1_val/smc__smc_065__track.npy.npz
mscnn_smc_oof,one_sided,smc/smc_068/track.npy,smc,0.8679245283018869,0.6553711171737853,0.6553711171737853,0.6553711171737853,0.8867924528301887,0.9811320754716981,0.8867924528301887,0.9811320754716981,,,,,,,,,61.0,0.0,0.0,0.09531017980432709,21.0,0.0,0.0,0.07205395832950573,0.0,/media/mengh/SharedData/zhanh/auto_structbeat/caches/8fold/mscnn_fold1_val/smc__smc_068__track.npy.npz
mscnn_smc_oof,one_sided,smc/smc_082/track.npy,smc,0.7480916030534351,0.6348659750071952,0.6348659750071952,0.6348659750071952,0.21621621621621623,0.5135135135135135,0.21621621621621623,0.5135135135135135,,,,,,,,,84.0,0.0963855421686747,0.20481927710843373,1.5006277532019237,34.0,0.0,0.0,0.9241420467930404,0.0,/media/mengh/SharedData/zhanh/auto_structbeat/caches/8fold/mscnn_fold1_val/smc__smc_082__track.npy.npz
mscnn_smc_oof,one_sided,smc/smc_089/track.npy,smc,0.28124999999999994,0.1872808432846241,0.200138243755686,0.19370954352015507,0.08,0.08,0.08,0.08,,,,,,,,,19.0,0.0,0.05555555555555555,2.629974700810722,7.0,0.0,0.0,1.3940277466708837,0.0,/media/mengh/SharedData/zhanh/auto_structbeat/caches/8fold/mscnn_fold1_val/smc__smc_089__track.npy.npz
mscnn_smc_oof,one_sided,smc/smc_104/track.npy,smc,0.39436619718309857,0.3025404249156516,0.3444811803316686,0.32351080262366005,0.1794871794871795,0.3333333333333333,0.1794871794871795,0.3333333333333333,,,,,,,,,36.0,0.0,0.0,0.6369494675798241,22.0,0.0,0.0,1.4267192457881068,0.0,/media/mengh/SharedData/zhanh/auto_structbeat/caches/8fold/mscnn_fold1_val/smc__smc_104__track.npy.npz
mscnn_smc_oof,one_sided,smc/smc_106/track.npy,smc,0.5633802816901409,0.4298688252646124,0.4298688252646124,0.4298688252646124,0.4444444444444444,0.8333333333333334,0.4444444444444444,0.8333333333333334,,,,,,,,,42.0,0.0,0.0,0.1518845738022912,21.0,0.0,0.0,0.19560131073303175,0.0,/media/mengh/SharedData/zhanh/auto_structbeat/caches/8fold/mscnn_fold1_val/smc__smc_106__track.npy.npz
mscnn_smc_oof,one_sided,smc/smc_111/track.npy,smc,0.4772727272727273,0.42672066684862564,0.42672066684862564,0.42672066684862564,0.14583333333333334,0.3333333333333333,0.14583333333333334,0.3333333333333333,,,,,,,,,47.0,0.0,0.0,0.4541859504405688,18.0,0.0,0.0,0.4476937177270125,0.0,/media/mengh/SharedData/zhanh/auto_structbeat/caches/8fold/mscnn_fold1_val/smc__smc_111__track.npy.npz
mscnn_smc_oof,one_sided,smc/smc_118/track.npy,smc,0.27906976744186046,0.20760361744615183,0.23199668927102832,0.21980015335859007,0.03773584905660377,0.09433962264150944,0.05660377358490566,0.09433962264150944,,,,,,,,,60.0,0.03389830508474576,0.0847457627118644,0.9478611317318417,22.0,0.0,0.0,0.8120593676561447,0.0,/media/mengh/SharedData/zhanh/auto_structbeat/caches/8fold/mscnn_fold1_val/smc__smc_118__track.npy.npz
mscnn_smc_oof,one_sided,smc/smc_130/track.npy,smc,0.48571428571428565,0.40972076553409503,0.40972076553409503,0.40972076553409503,0.044444444444444446,0.17777777777777778,0.044444444444444446,0.17777777777777778,,,,,,,,,54.0,0.0,0.0,0.8890203851603642,28.0,0.0,0.0,1.3544453493312487,0.0,/media/mengh/SharedData/zhanh/auto_structbeat/caches/8fold/mscnn_fold1_val/smc__smc_130__track.npy.npz
mscnn_smc_oof,one_sided,smc/smc_142/track.npy,smc,0.5142857142857143,0.30021153846005,0.3904837024118863,0.3453476204359681,0.06976744186046512,0.13953488372093023,0.25925925925925924,0.4444444444444444,,,,,,,,,34.0,0.0,0.0,0.6921540398793171,17.0,0.0,0.0,1.3463095092833224,0.0,/media/mengh/SharedData/zhanh/auto_structbeat/caches/8fold/mscnn_fold1_val/smc__smc_142__track.npy.npz
mscnn_smc_oof,one_sided,smc/smc_157/track.npy,smc,0.5977011494252873,0.39882884517615047,0.39882884517615047,0.39882884517615047,0.3181818181818182,0.7272727272727273,0.3181818181818182,0.7272727272727273,,,,,,,,,50.0,0.0,0.0,0.39958261669743106,13.0,0.0,0.0,0.5349040246588997,0.0,/media/mengh/SharedData/zhanh/auto_structbeat/caches/8fold/mscnn_fold1_val/smc__smc_157__track.npy.npz
mscnn_smc_oof,one_sided,smc/smc_167/track.npy,smc,0.52,0.3509442592711885,0.3509442592711885,0.3509442592711885,0.20689655172413793,0.4827586206896552,0.20689655172413793,0.4827586206896552,,,,,,,,,35.0,0.0,0.0,1.478313142820984,23.0,0.0,0.0,1.4826862067949564,0.0,/media/mengh/SharedData/zhanh/auto_structbeat/caches/8fold/mscnn_fold1_val/smc__smc_167__track.npy.npz
mscnn_smc_oof,one_sided,smc/smc_169/track.npy,smc,0.6282051282051282,0.5392280752534158,0.5392280752534158,0.5392280752534158,0.030927835051546393,0.15463917525773196,0.11864406779661017,0.23728813559322035,,,,,,,,,70.0,0.07246376811594203,0.11594202898550725,2.237356557776588,20.0,0.0,0.0,1.0502619002796554,0.0,/media/mengh/SharedData/zhanh/auto_structbeat/caches/8fold/mscnn_fold1_val/smc__smc_169__track.npy.npz
mscnn_smc_oof,one_sided,smc/smc_174/track.npy,smc,0.4137931034482759,0.30739711410886633,0.30739711410886633,0.30739711410886633,0.06521739130434782,0.17391304347826086,0.06521739130434782,0.17391304347826086,,,,,,,,,46.0,0.0,0.0,0.5872144970951795,31.0,0.0,0.0,0.8618975597232756,0.0,/media/mengh/SharedData/zhanh/auto_structbeat/caches/8fold/mscnn_fold1_val/smc__smc_174__track.npy.npz
mscnn_smc_oof,one_sided,smc/smc_198/track.npy,smc,0.8113207547169812,0.5774308226839169,0.5774308226839169,0.5774308226839169,0.32142857142857145,0.5714285714285714,0.32142857142857145,0.5714285714285714,,,,,,,,,68.0,0.0,0.0,0.620062572205905,20.0,0.0,0.0,0.7136067904414319,0.0,/media/mengh/SharedData/zhanh/auto_structbeat/caches/8fold/mscnn_fold1_val/smc__smc_198__track.npy.npz
mscnn_smc_oof,one_sided,smc/smc_219/track.npy,smc,0.5806451612903225,0.48372076935256036,0.48372076935256036,0.48372076935256036,0.20408163265306123,0.6326530612244898,0.20408163265306123,0.6326530612244898,,,,,,,,,52.0,0.0,0.0,0.6286086594223735,23.0,0.0,0.0,0.653141845946246,0.0,/media/mengh/SharedData/zhanh/auto_structbeat/caches/8fold/mscnn_fold1_val/smc__smc_219__track.npy.npz
mscnn_smc_oof,one_sided,smc/smc_243/track.npy,smc,0.6181818181818182,0.49755189220646656,0.49755189220646656,0.49755189220646656,0.39285714285714285,0.5357142857142857,0.39285714285714285,0.5357142857142857,,,,,,,,,37.0,0.0,0.0,0.8462463501446431,11.0,0.0,0.0,0.7378231321440424,0.0,/media/mengh/SharedData/zhanh/auto_structbeat/caches/8fold/mscnn_fold1_val/smc__smc_243__track.npy.npz
mscnn_smc_oof,one_sided,smc/smc_248/track.npy,smc,0.5154639175257731,0.4104427835141948,0.4104427835141948,0.4104427835141948,0.23076923076923078,0.5384615384615384,0.23076923076923078,0.5384615384615384,,,,,,,,,51.0,0.0,0.0,0.8941198787661496,25.0,0.0,0.0,1.067729544626803,0.0,/media/mengh/SharedData/zhanh/auto_structbeat/caches/8fold/mscnn_fold1_val/smc__smc_248__track.npy.npz
mscnn_smc_oof,one_sided,smc/smc_251/track.npy,smc,0.6181818181818182,0.5320964783712454,0.5754439705870028,0.553770224479124,0.28125,0.28125,0.28125,0.3695652173913043,,,,,,,,,48.0,0.0,0.0,0.6434576352064374,22.0,0.0,0.0,0.7308521177001417,0.0,/media/mengh/SharedData/zhanh/auto_structbeat/caches/8fold/mscnn_fold1_val/smc__smc_251__track.npy.npz
mscnn_smc_oof,one_sided,smc/smc_256/track.npy,smc,0.6551724137931034,0.5044115040010937,0.7048418812498172,0.6046266926254554,0.027777777777777776,0.027777777777777776,0.4090909090909091,0.6818181818181818,,,,,,,,,25.0,0.0,0.0,0.8398870631718285,15.0,0.0,0.0,0.7176752687546645,0.0,/media/mengh/SharedData/zhanh/auto_structbeat/caches/8fold/mscnn_fold1_val/smc__smc_256__track.npy.npz
mscnn_smc_oof,one_sided,smc/smc_261/track.npy,smc,0.4761904761904762,0.38528878775243347,0.38528878775243347,0.38528878775243347,0.10416666666666667,0.4166666666666667,0.10416666666666667,0.4166666666666667,,,,,,,,,56.0,0.0,0.01818181818181818,0.7308179130272822,24.0,0.0,0.0,0.15367220727645414,0.0,/media/mengh/SharedData/zhanh/auto_structbeat/caches/8fold/mscnn_fold1_val/smc__smc_261__track.npy.npz
mscnn_smc_oof,one_sided,smc/smc_271/track.npy,smc,1.0,0.9089092485298186,0.9089092485298186,0.9089092485298186,1.0,1.0,1.0,1.0,,,,,,,,,69.0,0.0,0.0,0.0689928714869561,35.0,0.0,0.0,0.04120902339772319,0.0,/media/mengh/SharedData/zhanh/auto_structbeat/caches/8fold/mscnn_fold1_val/smc__smc_271__track.npy.npz
mscnn_smc_oof,one_sided,smc/smc_276/track.npy,smc,0.6666666666666666,0.5967542617353769,0.8951313922809858,0.7459428270081814,0.0,0.0,1.0,1.0,,,,,,,,,63.0,0.0,0.0,0.03174869831458049,16.0,0.0,0.0,0.007843177461026706,0.0,/media/mengh/SharedData/zhanh/auto_structbeat/caches/8fold/mscnn_fold1_val/smc__smc_276__track.npy.npz
mscnn_smc_oof,one_sided,smc/smc_001/track.npy,smc,0.7142857142857143,0.5354981037513261,0.5354981037513261,0.5354981037513261,1.0,1.0,1.0,1.0,,,,,,,,,32.0,0.0,0.0,0.07123806146527553,16.0,0.0,0.0,0.035041979277204455,0.0,/media/mengh/SharedData/zhanh/auto_structbeat/caches/8fold/mscnn_fold2_val/smc__smc_001__track.npy.npz
mscnn_smc_oof,one_sided,smc/smc_003/track.npy,smc,0.5263157894736843,0.4543200359269989,0.5220139402966946,0.4881669881118467,0.05263157894736842,0.10526315789473684,0.11842105263157894,0.39473684210526316,,,,,,,,,88.0,0.034482758620689655,0.11494252873563218,1.4439810573391034,45.0,0.0,0.045454545454545456,1.92881436924095,0.0,/media/mengh/SharedData/zhanh/auto_structbeat/caches/8fold/mscnn_fold2_val/smc__smc_003__track.npy.npz
mscnn_smc_oof,one_sided,smc/smc_012/track.npy,smc,0.2439024390243902,0.17490276932017665,0.23487478277586443,0.20488877604802053,0.0196078431372549,0.0196078431372549,0.25806451612903225,0.5161290322580645,,,,,,,,,36.0,0.0,0.0,0.9446375948321947,14.0,0.0,0.0,0.3990628312976101,0.0,/media/mengh/SharedData/zhanh/auto_structbeat/caches/8fold/mscnn_fold2_val/smc__smc_012__track.npy.npz
mscnn_smc_oof,one_sided,smc/smc_019/track.npy,smc,0.6769230769230768,0.38990681770877245,0.5384861408078974,0.4641964792583349,0.07142857142857142,0.09523809523809523,0.4666666666666667,0.8,,,,,,,,,49.0,0.0,0.0,0.544606675765559,25.0,0.0,0.0,0.9298342140535222,0.0,/media/mengh/SharedData/zhanh/auto_structbeat/caches/8fold/mscnn_fold2_val/smc__smc_019__track.npy.npz
mscnn_smc_oof,one_sided,smc/smc_035/track.npy,smc,0.5217391304347826,0.3721669295514172,0.38702084556097405,0.3795938875561956,0.6,0.9428571428571428,0.6,0.9428571428571428,,,,,,,,,39.0,0.0,0.0,0.1489175558110756,20.0,0.0,0.0,0.06775773779936355,0.0,/media/mengh/SharedData/zhanh/auto_structbeat/caches/8fold/mscnn_fold2_val/smc__smc_035__track.npy.npz
mscnn_smc_oof,one_sided,smc/smc_047/track.npy,smc,0.37333333333333335,0.25072364263583513,0.37480967221926476,0.31276665742754994,0.0,0.0,0.5769230769230769,0.6923076923076923,,,,,,,,,28.0,0.0,0.0,0.3714162662747278,12.0,0.0,0.0,0.09065436826813074,0.0,/media/mengh/SharedData/zhanh/auto_structbeat/caches/8fold/mscnn_fold2_val/smc__smc_047__track.npy.npz
mscnn_smc_oof,one_sided,smc/smc_048/track.npy,smc,0.4090909090909091,0.2839955349395363,0.2839955349395363,0.2839955349395363,0.5833333333333334,0.6666666666666666,0.5833333333333334,0.6666666666666666,,,,,,,,,26.0,0.0,0.0,0.5066249271299181,13.0,0.0,0.0,1.0537057790176982,0.0,/media/mengh/SharedData/zhanh/auto_structbeat/caches/8fold/mscnn_fold2_val/smc__smc_048__track.npy.npz
mscnn_smc_oof,one_sided,smc/smc_051/track.npy,smc,0.5111111111111112,0.4033331444133714,0.4033331444133714,0.4033331444133714,0.4339622641509434,0.4339622641509434,0.4339622641509434,0.4339622641509434,,,,,,,,,58.0,0.0,0.0,0.2442805588317035,25.0,0.0,0.0,0.4349165450076954,0.0,/media/mengh/SharedData/zhanh/auto_structbeat/caches/8fold/mscnn_fold2_val/smc__smc_051__track.npy.npz
mscnn_smc_oof,one_sided,smc/smc_057/track.npy,smc,0.3636363636363636,0.2493175433236438,0.2493175433236438,0.2493175433236438,0.2,0.34285714285714286,0.2,0.34285714285714286,,,,,,,,,35.0,0.0,0.0,0.8151600051455312,16.0,0.0,0.0,1.4027101012330663,0.0,/media/mengh/SharedData/zhanh/auto_structbeat/caches/8fold/mscnn_fold2_val/smc__smc_057__track.npy.npz
mscnn_smc_oof,one_sided,smc/smc_069/track.npy,smc,0.8282828282828283,0.6603395375911248,0.6603395375911248,0.6603395375911248,0.43137254901960786,0.8431372549019608,0.43137254901960786,0.8431372549019608,,,,,,,,,59.0,0.0,0.0,0.24775094800140227,18.0,0.0,0.0,1.406921584845285,0.0,/media/mengh/SharedData/zhanh/auto_structbeat/caches/8fold/mscnn_fold2_val/smc__smc_069__track.npy.npz
mscnn_smc_oof,one_sided,smc/smc_084/track.npy,smc,0.0,7.1550676831242835e-06,1.287912182962371e-05,1.0017094756373997e-05,0.0,0.0,0.0,0.0,,,,,,,,,2.0,0.0,0.0,0.0,1.0,0.0,0.0,,0.0,/media/mengh/SharedData/zhanh/auto_structbeat/caches/8fold/mscnn_fold2_val/smc__smc_084__track.npy.npz
mscnn_smc_oof,one_sided,smc/smc_085/track.npy,smc,0.3225806451612903,0.19452129566505832,0.19452129566505832,0.19452129566505832,0.21875,0.5,0.21875,0.5,,,,,,,,,35.0,0.0,0.0,0.4948824744174438,11.0,0.0,0.0,0.3073360433216231,0.0,/media/mengh/SharedData/zhanh/auto_structbeat/caches/8fold/mscnn_fold2_val/smc__smc_085__track.npy.npz
mscnn_smc_oof,one_sided,smc/smc_086/track.npy,smc,0.825,0.6390424752415369,0.6390424752415369,0.6390424752415369,0.525,0.7,0.525,0.7,,,,,,,,,44.0,0.0,0.0,0.6576824460182995,10.0,0.0,0.0,0.32154363992582535,0.0,/media/mengh/SharedData/zhanh/auto_structbeat/caches/8fold/mscnn_fold2_val/smc__smc_086__track.npy.npz
mscnn_smc_oof,one_sided,smc/smc_096/track.npy,smc,0.9421487603305785,0.7014842657368013,0.7014842657368013,0.7014842657368013,0.3709677419354839,0.8870967741935484,0.3709677419354839,0.8870967741935484,,,,,,,,,65.0,0.0,0.0,0.5936311858315181,33.0,0.0,0.0,0.5452528505675609,0.0,/media/mengh/SharedData/zhanh/auto_structbeat/caches/8fold/mscnn_fold2_val/smc__smc_096__track.npy.npz
mscnn_smc_oof,one_sided,smc/smc_113/track.npy,smc,0.4262295081967213,0.28094664349605075,0.28094664349605075,0.28094664349605075,0.11764705882352941,0.2647058823529412,0.11764705882352941,0.2647058823529412,,,,,,,,,38.0,0.0,0.0,0.5224809744860508,16.0,0.0,0.0,1.3082392376600158,0.0,/media/mengh/SharedData/zhanh/auto_structbeat/caches/8fold/mscnn_fold2_val/smc__smc_113__track.npy.npz
mscnn_smc_oof,one_sided,smc/smc_143/track.npy,smc,0.5544554455445544,0.40925165745350484,0.40925165745350484,0.40925165745350484,0.17307692307692307,0.5769230769230769,0.17307692307692307,0.5769230769230769,,,,,,,,,56.0,0.0,0.0,0.5487003783900775,14.0,0.0,0.0,0.5659920050746988,0.0,/media/mengh/SharedData/zhanh/auto_structbeat/caches/8fold/mscnn_fold2_val/smc__smc_143__track.npy.npz
mscnn_smc_oof,one_sided,smc/smc_178/track.npy,smc,0.6428571428571428,0.4446780154138397,0.4446780154138397,0.4446780154138397,0.14285714285714285,0.2571428571428571,0.14634146341463414,0.2571428571428571,,,,,,,,,38.0,0.0,0.0,0.7437621703497795,22.0,0.0,0.0,0.6876444581720991,0.0,/media/mengh/SharedData/zhanh/auto_structbeat/caches/8fold/mscnn_fold2_val/smc__smc_178__track.npy.npz
mscnn_smc_oof,one_sided,smc/smc_199/track.npy,smc,0.5869565217391304,0.41391837845672536,0.41391837845672536,0.41391837845672536,0.17307692307692307,0.36538461538461536,0.17307692307692307,0.36538461538461536,,,,,,,,,58.0,0.0,0.0,0.6083982624502926,30.0,0.0,0.0,1.1594858548521252,0.0,/media/mengh/SharedData/zhanh/auto_structbeat/caches/8fold/mscnn_fold2_val/smc__smc_199__track.npy.npz
mscnn_smc_oof,one_sided,smc/smc_202/track.npy,smc,0.09375,0.06703471488759874,0.10105796720368167,0.08404634104564021,0.03125,0.0625,0.031746031746031744,0.0625,,,,,,,,,34.0,0.0,0.0,1.4939134459759829,20.0,0.0,0.0,1.4589414457209624,0.0,/media/mengh/SharedData/zhanh/auto_structbeat/caches/8fold/mscnn_fold2_val/smc__smc_202__track.npy.npz
mscnn_smc_oof,one_sided,smc/smc_213/track.npy,smc,0.4864864864864865,0.40091208926282484,0.40091208926282484,0.40091208926282484,0.6052631578947368,0.8421052631578947,0.6052631578947368,0.8421052631578947,,,,,,,,,41.0,0.0,0.0,0.32556174019806305,20.0,0.0,0.0,0.25799298874931226,0.0,/media/mengh/SharedData/zhanh/auto_structbeat/caches/8fold/mscnn_fold2_val/smc__smc_213__track.npy.npz
mscnn_smc_oof,one_sided,smc/smc_223/track.npy,smc,0.6216216216216217,0.5389790856621107,0.5389790856621107,0.5389790856621107,0.3170731707317073,0.4634146341463415,0.3170731707317073,0.4634146341463415,,,,,,,,,48.0,0.0,0.0,0.6644341132709503,15.0,0.0,0.0,0.6374785006135847,0.0,/media/mengh/SharedData/zhanh/auto_structbeat/caches/8fold/mscnn_fold2_val/smc__smc_223__track.npy.npz
mscnn_smc_oof,one_sided,smc/smc_232/track.npy,smc,0.6842105263157895,0.5172012825348853,0.5172012825348853,0.5172012825348853,0.28125,0.5,0.28125,0.5,,,,,,,,,57.0,0.0,0.0,0.7619029402909943,19.0,0.0,0.0,0.6281619889785786,0.0,/media/mengh/SharedData/zhanh/auto_structbeat/caches/8fold/mscnn_fold2_val/smc__smc_232__track.npy.npz
mscnn_smc_oof,one_sided,smc/smc_244/track.npy,smc,0.16470588235294117,0.10957468696693022,0.14149613819792023,0.12553541258242523,0.031746031746031744,0.031746031746031744,0.0625,0.1875,,,,,,,,,28.0,0.0,0.0,1.7250981049991112,12.0,0.0,0.0,1.562102159237281,0.0,/media/mengh/SharedData/zhanh/auto_structbeat/caches/8fold/mscnn_fold2_val/smc__smc_244__track.npy.npz
mscnn_smc_oof,one_sided,smc/smc_252/track.npy,smc,0.9074074074074074,0.6997157918599378,0.6997157918599378,0.6997157918599378,1.0,1.0,1.0,1.0,,,,,,,,,61.0,0.0,0.0,0.06704588489278646,16.0,0.0,0.0,0.07164945155140452,0.0,/media/mengh/SharedData/zhanh/auto_structbeat/caches/8fold/mscnn_fold2_val/smc__smc_252__track.npy.npz
mscnn_smc_oof,one_sided,smc/smc_255/track.npy,smc,0.6865671641791045,0.589231127712943,0.589231127712943,0.589231127712943,0.40540540540540543,0.5945945945945946,0.40540540540540543,0.5945945945945946,,,,,,,,,36.0,0.0,0.0,0.6413479351511518,19.0,0.0,0.0,1.3254090263316742,0.0,/media/mengh/SharedData/zhanh/auto_structbeat/caches/8fold/mscnn_fold2_val/smc__smc_255__track.npy.npz
mscnn_smc_oof,one_sided,smc/smc_264/track.npy,smc,0.41739130434782606,0.30555622671942356,0.4006241787452492,0.3530902027323364,0.136986301369863,0.136986301369863,0.21686746987951808,0.4578313253012048,,,,,,,,,79.0,0.0,0.0,0.22523781128767245,24.0,0.0,0.0,0.0980479258950872,0.0,/media/mengh/SharedData/zhanh/auto_structbeat/caches/8fold/mscnn_fold2_val/smc__smc_264__track.npy.npz
mscnn_smc_oof,one_sided,smc/smc_283/track.npy,smc,0.9245283018867924,0.7912721316775756,0.7912721316775756,0.7912721316775756,0.7678571428571429,0.7678571428571429,0.7678571428571429,0.7678571428571429,,,,,,,,,70.0,0.0,0.0,0.057158413839952404,17.0,0.0,0.0,0.30955289935599256,0.0,/media/mengh/SharedData/zhanh/auto_structbeat/caches/8fold/mscnn_fold2_val/smc__smc_283__track.npy.npz
mscnn_smc_oof,one_sided,smc/smc_017/track.npy,smc,0.6734693877551021,0.539838326589635,0.539838326589635,0.539838326589635,0.14285714285714285,0.375,0.14285714285714285,0.375,,,,,,,,,57.0,0.05357142857142857,0.10714285714285714,1.0467040792541087,26.0,0.0,0.0,0.7459591945008991,0.0,/media/mengh/SharedData/zhanh/auto_structbeat/caches/8fold/mscnn_fold3_val/smc__smc_017__track.npy.npz
mscnn_smc_oof,one_sided,smc/smc_033/track.npy,smc,0.25287356321839083,0.20727936205541783,0.20727936205541783,0.20727936205541783,0.05660377358490566,0.09433962264150944,0.05660377358490566,0.11764705882352941,,,,,,,,,40.0,0.0,0.0,0.7148025706550172,18.0,0.0,0.0,0.40779689843563727,0.0,/media/mengh/SharedData/zhanh/auto_structbeat/caches/8fold/mscnn_fold3_val/smc__smc_033__track.npy.npz
mscnn_smc_oof,one_sided,smc/smc_038/track.npy,smc,0.6913580246913581,0.6140346989325436,0.6140346989325436,0.6140346989325436,0.37777777777777777,0.4666666666666667,0.37777777777777777,0.4666666666666667,,,,,,,,,50.0,0.0,0.0,0.7182443860313681,21.0,0.0,0.0,0.8453688809234436,0.0,/media/mengh/SharedData/zhanh/auto_structbeat/caches/8fold/mscnn_fold3_val/smc__smc_038__track.npy.npz
mscnn_smc_oof,one_sided,smc/smc_056/track.npy,smc,0.391304347826087,0.3033605715375841,0.30498197706453145,0.3041712743010578,0.17721518987341772,0.24050632911392406,0.17721518987341772,0.24050632911392406,,,,,,,,,95.0,0.0,0.02127659574468085,0.7466711277881745,35.0,0.0,0.0,0.6179889131627315,0.0,/media/mengh/SharedData/zhanh/auto_structbeat/caches/8fold/mscnn_fold3_val/smc__smc_056__track.npy.npz
mscnn_smc_oof,one_sided,smc/smc_059/track.npy,smc,0.45283018867924535,0.3359912743372823,0.5348349338078013,0.43541310407254186,0.008547008547008548,0.017094017094017096,0.05982905982905983,0.27350427350427353,,,,,,,,,119.0,0.06779661016949153,0.288135593220339,1.098612288668089,27.0,0.0,0.0,0.7367034816665625,0.0,/media/mengh/SharedData/zhanh/auto_structbeat/caches/8fold/mscnn_fold3_val/smc__smc_059__track.npy.npz
mscnn_smc_oof,one_sided,smc/smc_060/track.npy,smc,0.16666666666666669,0.1350229029450153,0.17467057541450123,0.15484673917975827,0.0,0.0,0.0,0.0,,,,,,,,,8.0,0.0,0.0,1.9433796519176132,4.0,0.0,0.0,0.5026550457572212,0.0,/media/mengh/SharedData/zhanh/auto_structbeat/caches/8fold/mscnn_fold3_val/smc__smc_060__track.npy.npz
mscnn_smc_oof,one_sided,smc/smc_073/track.npy,smc,0.6666666666666667,0.5145897407371054,0.5145897407371054,0.5145897407371054,0.0975609756097561,0.4146341463414634,0.0975609756097561,0.4146341463414634,,,,,,,,,43.0,0.0,0.0,0.9769153536905905,22.0,0.0,0.0,0.7069059645037856,0.0,/media/mengh/SharedData/zhanh/auto_structbeat/caches/8fold/mscnn_fold3_val/smc__smc_073__track.npy.npz
mscnn_smc_oof,one_sided,smc/smc_075/track.npy,smc,0.5476190476190476,0.39779279424970493,0.39779279424970493,0.39779279424970493,0.40425531914893614,0.5106382978723404,0.40425531914893614,0.5106382978723404,,,,,,,,,43.0,0.0,0.0,0.8056251639866352,19.0,0.0,0.0,1.2684491751518168,0.0,/media/mengh/SharedData/zhanh/auto_structbeat/caches/8fold/mscnn_fold3_val/smc__smc_075__track.npy.npz
mscnn_smc_oof,one_sided,smc/smc_095/track.npy,smc,0.6352941176470589,0.4763437365966423,0.4763437365966423,0.4763437365966423,0.2765957446808511,0.5319148936170213,0.2765957446808511,0.5319148936170213,,,,,,,,,44.0,0.0,0.0,0.36347569902737115,15.0,0.0,0.0,0.48913595692387274,0.0,/media/mengh/SharedData/zhanh/auto_structbeat/caches/8fold/mscnn_fold3_val/smc__smc_095__track.npy.npz
mscnn_smc_oof,one_sided,smc/smc_098/track.npy,smc,0.6915887850467289,0.5480699340195069,0.5480699340195069,0.5480699340195069,0.1896551724137931,0.5172413793103449,0.1896551724137931,0.5172413793103449,,,,,,,,,66.0,0.0,0.0,0.729322852815918,28.0,0.0,0.0,0.9422182273741222,0.0,/media/mengh/SharedData/zhanh/auto_structbeat/caches/8fold/mscnn_fold3_val/smc__smc_098__track.npy.npz
mscnn_smc_oof,one_sided,smc/smc_114/track.npy,smc,0.4193548387096774,0.3500174135334498,0.3500174135334498,0.3500174135334498,0.13157894736842105,0.15789473684210525,0.13157894736842105,0.15789473684210525,,,,,,,,,25.0,0.0,0.041666666666666664,1.151354987263383,11.0,0.0,0.0,1.6979100050991125,0.0,/media/mengh/SharedData/zhanh/auto_structbeat/caches/8fold/mscnn_fold3_val/smc__smc_114__track.npy.npz
mscnn_smc_oof,one_sided,smc/smc_121/track.npy,smc,0.43999999999999995,0.2720773921681905,0.2720773921681905,0.2720773921681905,0.16666666666666666,0.3,0.16666666666666666,0.3,,,,,,,,,35.0,0.0,0.0,0.79289478776265,17.0,0.0,0.0,1.1953378446749194,0.0,/media/mengh/SharedData/zhanh/auto_structbeat/caches/8fold/mscnn_fold3_val/smc__smc_121__track.npy.npz
mscnn_smc_oof,one_sided,smc/smc_124/track.npy,smc,0.339622641509434,0.2001077382824711,0.21983890061222386,0.20997331944734748,0.13157894736842105,0.23684210526315788,0.13157894736842105,0.23684210526315788,,,,,,,,,16.0,0.0,0.0,2.0858538539121763,5.0,0.0,0.0,0.49662368000924256,0.0,/media/mengh/SharedData/zhanh/auto_structbeat/caches/8fold/mscnn_fold3_val/smc__smc_124__track.npy.npz
mscnn_smc_oof,one_sided,smc/smc_137/track.npy,smc,0.8125,0.6052356475711073,0.6052356475711073,0.6052356475711073,0.21333333333333335,0.56,0.21333333333333335,0.56,,,,,,,,,56.0,0.0,0.0,0.753415088831004,19.0,0.0,0.0,0.6901437942655086,0.0,/media/mengh/SharedData/zhanh/auto_structbeat/caches/8fold/mscnn_fold3_val/smc__smc_137__track.npy.npz
mscnn_smc_oof,one_sided,smc/smc_139/track.npy,smc,0.33333333333333337,0.25817687536307304,0.3983359178190775,0.3282563965910753,0.0,0.0,0.11475409836065574,0.4262295081967213,,,,,,,,,68.0,0.014925373134328358,0.04477611940298507,1.243550911969328,24.0,0.0,0.0,1.4673135458531679,0.0,/media/mengh/SharedData/zhanh/auto_structbeat/caches/8fold/mscnn_fold3_val/smc__smc_139__track.npy.npz
mscnn_smc_oof,one_sided,smc/smc_140/track.npy,smc,0.5840707964601771,0.3945543825438787,0.3945543825438787,0.3945543825438787,0.25,0.5333333333333333,0.25,0.5333333333333333,,,,,,,,,57.0,0.0,0.0,0.6470714089859552,23.0,0.0,0.0,0.56839547558747,0.0,/media/mengh/SharedData/zhanh/auto_structbeat/caches/8fold/mscnn_fold3_val/smc__smc_140__track.npy.npz
mscnn_smc_oof,one_sided,smc/smc_147/track.npy,smc,0.3716814159292036,0.2283222953995332,0.3346314492320692,0.2814768723158012,0.08620689655172414,0.22413793103448276,0.08771929824561403,0.22413793103448276,,,,,,,,,55.0,0.0,0.018518518518518517,0.9081051090629272,19.0,0.0,0.0,1.3576821609155179,0.0,/media/mengh/SharedData/zhanh/auto_structbeat/caches/8fold/mscnn_fold3_val/smc__smc_147__track.npy.npz
mscnn_smc_oof,one_sided,smc/smc_166/track.npy,smc,0.6265060240963856,0.5229928258615215,0.5229928258615215,0.5229928258615215,0.21739130434782608,0.43478260869565216,0.21739130434782608,0.43478260869565216,,,,,,,,,41.0,0.0,0.0,0.6060423856254765,14.0,0.0,0.0,0.4152041444975079,0.0,/media/mengh/SharedData/zhanh/auto_structbeat/caches/8fold/mscnn_fold3_val/smc__smc_166__track.npy.npz
mscnn_smc_oof,one_sided,smc/smc_172/track.npy,smc,0.38636363636363635,0.25927948717866695,0.25927948717866695,0.25927948717866695,0.20454545454545456,0.3181818181818182,0.20454545454545456,0.3181818181818182,,,,,,,,,50.0,0.0,0.0,0.7656164065300635,27.0,0.0,0.0,1.4642438292736448,0.0,/media/mengh/SharedData/zhanh/auto_structbeat/caches/8fold/mscnn_fold3_val/smc__smc_172__track.npy.npz
mscnn_smc_oof,one_sided,smc/smc_206/track.npy,smc,0.5205479452054794,0.4093715769189719,0.4093715769189719,0.4093715769189719,0.3076923076923077,0.48717948717948717,0.3076923076923077,0.48717948717948717,,,,,,,,,41.0,0.0,0.0,0.9797241816957821,20.0,0.0,0.0,0.7530299670825448,0.0,/media/mengh/SharedData/zhanh/auto_structbeat/caches/8fold/mscnn_fold3_val/smc__smc_206__track.npy.npz
mscnn_smc_oof,one_sided,smc/smc_207/track.npy,smc,0.6724137931034483,0.5240611987848913,0.5240611987848913,0.5240611987848913,0.14925373134328357,0.31343283582089554,0.14925373134328357,0.31343283582089554,,,,,,,,,54.0,0.0,0.0,0.4587521685571005,10.0,0.0,0.0,0.7457230981170263,0.0,/media/mengh/SharedData/zhanh/auto_structbeat/caches/8fold/mscnn_fold3_val/smc__smc_207__track.npy.npz
mscnn_smc_oof,one_sided,smc/smc_214/track.npy,smc,0.17647058823529413,0.13912591754792825,0.21501268758732445,0.17706930256762635,0.041666666666666664,0.041666666666666664,0.08333333333333333,0.16666666666666666,,,,,,,,,10.0,0.1111111111111111,0.1111111111111111,4.085180970629226,5.0,0.0,0.0,0.676877539059141,0.0,/media/mengh/SharedData/zhanh/auto_structbeat/caches/8fold/mscnn_fold3_val/smc__smc_214__track.npy.npz
mscnn_smc_oof,one_sided,smc/smc_225/track.npy,smc,0.7169811320754718,0.528702848633992,0.528702848633992,0.528702848633992,0.6428571428571429,0.6785714285714286,0.6428571428571429,0.6785714285714286,,,,,,,,,39.0,0.0,0.0,0.4884436827182013,25.0,0.0,0.0,0.6799317395547504,0.0,/media/mengh/SharedData/zhanh/auto_structbeat/caches/8fold/mscnn_fold3_val/smc__smc_225__track.npy.npz
mscnn_smc_oof,one_sided,smc/smc_254/track.npy,smc,0.16470588235294117,0.11832540821916572,0.16755789203538965,0.1429416501272777,0.0,0.0,0.25,0.39285714285714285,,,,,,,,,32.0,0.0,0.0,0.5757978941987049,19.0,0.0,0.0,1.0085380992127102,0.0,/media/mengh/SharedData/zhanh/auto_structbeat/caches/8fold/mscnn_fold3_val/smc__smc_254__track.npy.npz
mscnn_smc_oof,one_sided,smc/smc_258/track.npy,smc,0.2992125984251969,0.20172904754810062,0.23557559867004574,0.21865232310907318,0.013333333333333334,0.06666666666666667,0.019417475728155338,0.07766990291262135,,,,,,,,,86.0,0.0,0.0,0.6101930905100795,44.0,0.0,0.0,1.2359347228347957,0.0,/media/mengh/SharedData/zhanh/auto_structbeat/caches/8fold/mscnn_fold3_val/smc__smc_258__track.npy.npz
mscnn_smc_oof,one_sided,smc/smc_263/track.npy,smc,0.5517241379310345,0.41480321006934234,0.41480321006934234,0.41480321006934234,0.13793103448275862,0.3448275862068966,0.13793103448275862,0.3448275862068966,,,,,,,,,36.0,0.0,0.0,0.7333448837641223,14.0,0.0,0.0,0.5489998207936464,0.0,/media/mengh/SharedData/zhanh/auto_structbeat/caches/8fold/mscnn_fold3_val/smc__smc_263__track.npy.npz
mscnn_smc_oof,one_sided,smc/smc_273/track.npy,smc,1.0,0.86358969659499,0.86358969659499,0.86358969659499,1.0,1.0,1.0,1.0,,,,,,,,,64.0,0.0,0.0,0.031748698314585266,16.0,0.0,0.0,0.023905520853552353,0.0,/media/mengh/SharedData/zhanh/auto_structbeat/caches/8fold/mscnn_fold3_val/smc__smc_273__track.npy.npz
mscnn_smc_oof,one_sided,smc/smc_002/track.npy,smc,0.46153846153846156,0.34356350641782807,0.34356350641782807,0.34356350641782807,0.0,0.0,0.0,0.0,,,,,,,,,124.0,0.0,0.008130081300813009,0.4338254231003619,42.0,0.0,0.0,0.13122777552232415,0.0,/media/mengh/SharedData/zhanh/auto_structbeat/caches/8fold/mscnn_fold4_val/smc__smc_002__track.npy.npz
mscnn_smc_oof,one_sided,smc/smc_009/track.npy,smc,0.6373626373626373,0.4296209136825455,0.4296209136825455,0.4296209136825455,0.15517241379310345,0.2413793103448276,0.15517241379310345,0.2413793103448276,,,,,,,,,65.0,0.0,0.0,0.7197110768263167,27.0,0.0,0.0,1.6214963779308529,0.0,/media/mengh/SharedData/zhanh/auto_structbeat/caches/8fold/mscnn_fold4_val/smc__smc_009__track.npy.npz
mscnn_smc_oof,one_sided,smc/smc_016/track.npy,smc,0.6301369863013699,0.4925050315486986,0.4925050315486986,0.4925050315486986,0.3902439024390244,0.4634146341463415,0.3902439024390244,0.4634146341463415,,,,,,,,,35.0,0.0,0.0,0.6471338687825586,9.0,0.0,0.0,0.47230482418126485,0.0,/media/mengh/SharedData/zhanh/auto_structbeat/caches/8fold/mscnn_fold4_val/smc__smc_016__track.npy.npz
mscnn_smc_oof,one_sided,smc/smc_030/track.npy,smc,0.8530805687203791,0.7310053048508137,0.7310053048508137,0.7310053048508137,0.25862068965517243,0.6379310344827587,0.25862068965517243,0.6379310344827587,,,,,,,,,111.0,0.0,0.0,0.3066609170824106,37.0,0.0,0.0,0.6919195421568853,0.0,/media/mengh/SharedData/zhanh/auto_structbeat/caches/8fold/mscnn_fold4_val/smc__smc_030__track.npy.npz
mscnn_smc_oof,one_sided,smc/smc_052/track.npy,smc,0.6407766990291262,0.4433011228929954,0.4433011228929954,0.4433011228929954,0.2830188679245283,0.8113207547169812,0.2830188679245283,0.8113207547169812,,,,,,,,,58.0,0.0,0.0,0.4306858027294481,14.0,0.0,0.0,0.17836164784178307,0.0,/media/mengh/SharedData/zhanh/auto_structbeat/caches/8fold/mscnn_fold4_val/smc__smc_052__track.npy.npz
mscnn_smc_oof,one_sided,smc/smc_058/track.npy,smc,0.6562499999999999,0.4348532789747491,0.4348532789747491,0.4348532789747491,0.19444444444444445,0.5,0.19444444444444445,0.5,,,,,,,,,31.0,0.0,0.0,1.019231913178573,11.0,0.0,0.0,0.7643078694017058,0.0,/media/mengh/SharedData/zhanh/auto_structbeat/caches/8fold/mscnn_fold4_val/smc__smc_058__track.npy.npz
mscnn_smc_oof,one_sided,smc/smc_072/track.npy,smc,0.7906976744186047,0.661220561793847,0.661220561793847,0.661220561793847,0.6170212765957447,0.6595744680851063,0.6170212765957447,0.6595744680851063,,,,,,,,,53.0,0.0,0.0,0.14318270828352253,21.0,0.0,0.0,0.25340445090611835,0.0,/media/mengh/SharedData/zhanh/auto_structbeat/caches/8fold/mscnn_fold4_val/smc__smc_072__track.npy.npz
mscnn_smc_oof,one_sided,smc/smc_074/track.npy,smc,0.5135135135135135,0.364825299371462,0.364825299371462,0.364825299371462,0.018867924528301886,0.018867924528301886,0.037037037037037035,0.07407407407407407,,,,,,,,,23.0,0.045454545454545456,0.045454545454545456,0.9028677115420147,11.0,0.0,0.0,0.47296037905234306,0.0,/media/mengh/SharedData/zhanh/auto_structbeat/caches/8fold/mscnn_fold4_val/smc__smc_074__track.npy.npz
mscnn_smc_oof,one_sided,smc/smc_087/track.npy,smc,0.7692307692307692,0.5830217868880689,0.5830217868880689,0.5830217868880689,0.2,0.5,0.2,0.5,,,,,,,,,61.0,0.0,0.0,0.7492184769185656,23.0,0.0,0.0,0.6763400622435645,0.0,/media/mengh/SharedData/zhanh/auto_structbeat/caches/8fold/mscnn_fold4_val/smc__smc_087__track.npy.npz
mscnn_smc_oof,one_sided,smc/smc_105/track.npy,smc,0.2,0.16702996507638668,0.22512158768227666,0.19607577637933166,0.0136986301369863,0.0136986301369863,0.0425531914893617,0.125,,,,,,,,,53.0,0.0,0.0,0.8350824154041674,24.0,0.0,0.0,0.5659421277003829,0.0,/media/mengh/SharedData/zhanh/auto_structbeat/caches/8fold/mscnn_fold4_val/smc__smc_105__track.npy.npz
mscnn_smc_oof,one_sided,smc/smc_126/track.npy,smc,0.5333333333333333,0.40578399987019204,0.40578399987019204,0.40578399987019204,0.5,0.8157894736842105,0.5,0.8157894736842105,,,,,,,,,41.0,0.0,0.0,0.8235055582855655,23.0,0.0,0.0,1.2351878236738603,0.0,/media/mengh/SharedData/zhanh/auto_structbeat/caches/8fold/mscnn_fold4_val/smc__smc_126__track.npy.npz
mscnn_smc_oof,one_sided,smc/smc_127/track.npy,smc,0.5714285714285714,0.4230071252392917,0.4230071252392917,0.4230071252392917,0.15384615384615385,0.46153846153846156,0.15384615384615385,0.46153846153846156,,,,,,,,,43.0,0.0,0.0,0.5389965007327082,10.0,0.0,0.0,0.4940644686057768,0.0,/media/mengh/SharedData/zhanh/auto_structbeat/caches/8fold/mscnn_fold4_val/smc__smc_127__track.npy.npz
mscnn_smc_oof,one_sided,smc/smc_149/track.npy,smc,0.26666666666666666,0.18306847517424513,0.32139973400395533,0.2522341045891002,0.04838709677419355,0.0967741935483871,0.1774193548387097,0.1935483870967742,,,,,,,,,68.0,0.0,0.0,0.8145294496477546,34.0,0.0,0.0,0.6712319308589852,0.0,/media/mengh/SharedData/zhanh/auto_structbeat/caches/8fold/mscnn_fold4_val/smc__smc_149__track.npy.npz
mscnn_smc_oof,one_sided,smc/smc_175/track.npy,smc,0.2580645161290323,0.17093888570107757,0.1936386727654887,0.18228877923328313,0.0,0.0,0.14285714285714285,0.17142857142857143,,,,,,,,,15.0,0.0,0.0,1.9454570645812692,4.0,0.0,0.0,1.4140649283825002,0.0,/media/mengh/SharedData/zhanh/auto_structbeat/caches/8fold/mscnn_fold4_val/smc__smc_175__track.npy.npz
mscnn_smc_oof,one_sided,smc/smc_203/track.npy,smc,0.32,0.20903533321910792,0.20903533321910792,0.20903533321910792,0.1282051282051282,0.3333333333333333,0.1282051282051282,0.3333333333333333,,,,,,,,,41.0,0.0,0.0,0.7474168719149493,21.0,0.0,0.0,1.2870018064133075,0.0,/media/mengh/SharedData/zhanh/auto_structbeat/caches/8fold/mscnn_fold4_val/smc__smc_203__track.npy.npz
mscnn_smc_oof,one_sided,smc/smc_209/track.npy,smc,0.625,0.43188768870233474,0.43188768870233474,0.43188768870233474,0.5,0.875,0.5,0.875,,,,,,,,,44.0,0.0,0.0,0.1840827562112299,13.0,0.0,0.0,0.35617129242296475,0.0,/media/mengh/SharedData/zhanh/auto_structbeat/caches/8fold/mscnn_fold4_val/smc__smc_209__track.npy.npz
mscnn_smc_oof,one_sided,smc/smc_220/track.npy,smc,0.7578947368421052,0.54860990992806,0.54860990992806,0.54860990992806,0.24528301886792453,0.6037735849056604,0.24528301886792453,0.6037735849056604,,,,,,,,,57.0,0.03571428571428571,0.05357142857142857,1.1056714378911643,24.0,0.0,0.0,0.7148559828578297,0.0,/media/mengh/SharedData/zhanh/auto_structbeat/caches/8fold/mscnn_fold4_val/smc__smc_220__track.npy.npz
mscnn_smc_oof,one_sided,smc/smc_222/track.npy,smc,0.39344262295081966,0.3037271710193612,0.3037271710193612,0.3037271710193612,0.16666666666666666,0.3055555555555556,0.16666666666666666,0.3055555555555556,,,,,,,,,44.0,0.0,0.0,0.7361724905766259,11.0,0.0,0.0,0.5645467280315664,0.0,/media/mengh/SharedData/zhanh/auto_structbeat/caches/8fold/mscnn_fold4_val/smc__smc_222__track.npy.npz
mscnn_smc_oof,one_sided,smc/smc_227/track.npy,smc,0.33333333333333337,0.24427674107216232,0.24427674107216232,0.24427674107216232,0.10526315789473684,0.21052631578947367,0.10526315789473684,0.21052631578947367,,,,,,,,,32.0,0.0,0.0,1.0694606501388981,16.0,0.0,0.0,0.7893499241813352,0.0,/media/mengh/SharedData/zhanh/auto_structbeat/caches/8fold/mscnn_fold4_val/smc__smc_227__track.npy.npz
mscnn_smc_oof,one_sided,smc/smc_229/track.npy,smc,0.7999999999999999,0.5664958482613012,0.5664958482613012,0.5664958482613012,0.75,0.8409090909090909,0.75,0.8409090909090909,,,,,,,,,49.0,0.0,0.0,0.417882285314959,17.0,0.0,0.0,1.2122702456961592,0.0,/media/mengh/SharedData/zhanh/auto_structbeat/caches/8fold/mscnn_fold4_val/smc__smc_229__track.npy.npz
mscnn_smc_oof,one_sided,smc/smc_242/track.npy,smc,0.5185185185185186,0.39985666389887625,0.39985666389887625,0.39985666389887625,0.15555555555555556,0.4666666666666667,0.25,0.4666666666666667,,,,,,,,,43.0,0.0,0.0,0.5108256237659897,17.0,0.0,0.0,0.7144237401692296,0.0,/media/mengh/SharedData/zhanh/auto_structbeat/caches/8fold/mscnn_fold4_val/smc__smc_242__track.npy.npz
mscnn_smc_oof,one_sided,smc/smc_253/track.npy,smc,0.6097560975609757,0.43086437285786844,0.43086437285786844,0.43086437285786844,0.4186046511627907,0.5348837209302325,0.4186046511627907,0.5348837209302325,,,,,,,,,51.0,0.0,0.0,0.6274475555591871,24.0,0.0,0.0,0.7602289914058854,0.0,/media/mengh/SharedData/zhanh/auto_structbeat/caches/8fold/mscnn_fold4_val/smc__smc_253__track.npy.npz
mscnn_smc_oof,one_sided,smc/smc_259/track.npy,smc,0.5074626865671641,0.3093556150890024,0.3093556150890024,0.3093556150890024,0.2926829268292683,0.4878048780487805,0.2926829268292683,0.4878048780487805,,,,,,,,,47.0,0.0,0.0,0.7490583545869045,19.0,0.0,0.0,1.236951889600264,0.0,/media/mengh/SharedData/zhanh/auto_structbeat/caches/8fold/mscnn_fold4_val/smc__smc_259__track.npy.npz
mscnn_smc_oof,one_sided,smc/smc_262/track.npy,smc,0.5168539325842696,0.37077660985839167,0.37077660985839167,0.37077660985839167,0.06349206349206349,0.07936507936507936,0.06451612903225806,0.07936507936507936,,,,,,,,,30.0,0.0,0.0,0.761512685920407,21.0,0.0,0.0,1.1830042033087955,0.0,/media/mengh/SharedData/zhanh/auto_structbeat/caches/8fold/mscnn_fold4_val/smc__smc_262__track.npy.npz
mscnn_smc_oof,one_sided,smc/smc_279/track.npy,smc,0.8595041322314049,0.7215367193091031,0.7215367193091031,0.7215367193091031,0.7540983606557377,0.8360655737704918,0.7540983606557377,0.8360655737704918,,,,,,,,,68.0,0.0,0.0,0.2269368645361084,17.0,0.0,0.0,0.5644100341222168,0.0,/media/mengh/SharedData/zhanh/auto_structbeat/caches/8fold/mscnn_fold4_val/smc__smc_279__track.npy.npz
mscnn_smc_oof,one_sided,smc/smc_281/track.npy,smc,0.9814814814814815,0.8919574787916464,0.8919574787916464,0.8919574787916464,1.0,1.0,1.0,1.0,,,,,,,,,60.0,0.0,0.0,0.19227786304794067,15.0,0.0,0.0,0.17259349262251011,0.0,/media/mengh/SharedData/zhanh/auto_structbeat/caches/8fold/mscnn_fold4_val/smc__smc_281__track.npy.npz
mscnn_smc_oof,one_sided,smc/smc_288/track.npy,smc,0.9830508474576272,0.8791751504797872,0.8791751504797872,0.8791751504797872,0.6949152542372882,0.9661016949152542,0.6949152542372882,0.9661016949152542,,,,,,,,,67.0,0.0,0.0,0.19936775925791414,17.0,0.0,0.0,0.03053341775072796,0.0,/media/mengh/SharedData/zhanh/auto_structbeat/caches/8fold/mscnn_fold4_val/smc__smc_288__track.npy.npz
mscnn_smc_oof,one_sided,smc/smc_004/track.npy,smc,0.6756756756756757,0.5420329890469768,0.5420329890469768,0.5420329890469768,0.17073170731707318,0.4634146341463415,0.17073170731707318,0.4634146341463415,,,,,,,,,45.0,0.0,0.0,0.563818055072367,21.0,0.0,0.0,1.4967242221586128,0.0,/media/mengh/SharedData/zhanh/auto_structbeat/caches/8fold/mscnn_fold5_val/smc__smc_004__track.npy.npz
mscnn_smc_oof,one_sided,smc/smc_007/track.npy,smc,0.6229508196721313,0.46933515687423893,0.46933515687423893,0.46933515687423893,0.7741935483870968,0.7741935483870968,0.7741935483870968,0.7741935483870968,,,,,,,,,36.0,0.0,0.0,0.2278128170663333,14.0,0.0,0.0,1.8887534045549619,0.0,/media/mengh/SharedData/zhanh/auto_structbeat/caches/8fold/mscnn_fold5_val/smc__smc_007__track.npy.npz
mscnn_smc_oof,one_sided,smc/smc_013/track.npy,smc,0.9090909090909091,0.748783415326612,0.748783415326612,0.748783415326612,0.5535714285714286,0.9285714285714286,0.5535714285714286,0.9285714285714286,,,,,,,,,62.0,0.0,0.0,0.12516314295401443,22.0,0.0,0.0,0.11716135144602777,0.0,/media/mengh/SharedData/zhanh/auto_structbeat/caches/8fold/mscnn_fold5_val/smc__smc_013__track.npy.npz
mscnn_smc_oof,one_sided,smc/smc_021/track.npy,smc,0.4835164835164836,0.3666516968064688,0.3666516968064688,0.3666516968064688,0.2641509433962264,0.41509433962264153,0.2641509433962264,0.41509433962264153,,,,,,,,,40.0,0.05128205128205128,0.05128205128205128,2.261535156004074,22.0,0.0,0.0,1.2760399683874768,0.0,/media/mengh/SharedData/zhanh/auto_structbeat/caches/8fold/mscnn_fold5_val/smc__smc_021__track.npy.npz
mscnn_smc_oof,one_sided,smc/smc_032/track.npy,smc,0.6428571428571429,0.48062285833593127,0.48062285833593127,0.48062285833593127,0.42592592592592593,0.48148148148148145,0.42592592592592593,0.48148148148148145,,,,,,,,,30.0,0.0,0.0,0.5221131920191598,15.0,0.0,0.0,0.36300185047741096,0.0,/media/mengh/SharedData/zhanh/auto_structbeat/caches/8fold/mscnn_fold5_val/smc__smc_032__track.npy.npz
mscnn_smc_oof,one_sided,smc/smc_034/track.npy,smc,0.7191011235955056,0.5628272919572955,0.5628272919572955,0.5628272919572955,0.19230769230769232,0.4230769230769231,0.19230769230769232,0.4230769230769231,,,,,,,,,58.0,0.0,0.0,0.7139881972672384,23.0,0.0,0.0,0.6826758806926483,0.0,/media/mengh/SharedData/zhanh/auto_structbeat/caches/8fold/mscnn_fold5_val/smc__smc_034__track.npy.npz
mscnn_smc_oof,one_sided,smc/smc_037/track.npy,smc,0.5373134328358209,0.4027111163861712,0.4027111163861712,0.4027111163861712,0.11764705882352941,0.20588235294117646,0.15151515151515152,0.20588235294117646,,,,,,,,,41.0,0.0,0.0,1.027735126474175,18.0,0.0,0.0,1.0571888825474753,0.0,/media/mengh/SharedData/zhanh/auto_structbeat/caches/8fold/mscnn_fold5_val/smc__smc_037__track.npy.npz
mscnn_smc_oof,one_sided,smc/smc_041/track.npy,smc,0.6829268292682927,0.5359722629872178,0.5359722629872178,0.5359722629872178,0.3170731707317073,0.5365853658536586,0.3170731707317073,0.5365853658536586,,,,,,,,,46.0,0.0,0.0,0.6418544321742715,13.0,0.0,0.0,0.433329053835873,0.0,/media/mengh/SharedData/zhanh/auto_structbeat/caches/8fold/mscnn_fold5_val/smc__smc_041__track.npy.npz
mscnn_smc_oof,one_sided,smc/smc_043/track.npy,smc,0.7191011235955057,0.5885731556961309,0.5885731556961309,0.5885731556961309,0.16,0.5,0.16,0.5,,,,,,,,,45.0,0.0,0.0,0.8023044392932451,21.0,0.0,0.0,1.016551027168393,0.0,/media/mengh/SharedData/zhanh/auto_structbeat/caches/8fold/mscnn_fold5_val/smc__smc_043__track.npy.npz
mscnn_smc_oof,one_sided,smc/smc_063/track.npy,smc,0.712871287128713,0.5494846931752743,0.5494846931752743,0.5494846931752743,0.2549019607843137,0.7450980392156863,0.2549019607843137,0.7450980392156863,,,,,,,,,53.0,0.0,0.0,0.5598903565527971,12.0,0.0,0.0,0.4351267362117399,0.0,/media/mengh/SharedData/zhanh/auto_structbeat/caches/8fold/mscnn_fold5_val/smc__smc_063__track.npy.npz
mscnn_smc_oof,one_sided,smc/smc_066/track.npy,smc,0.6206896551724138,0.48176924763815415,0.48176924763815415,0.48176924763815415,0.3225806451612903,0.6129032258064516,0.3225806451612903,0.6129032258064516,,,,,,,,,35.0,0.0,0.0,0.8063981110870551,15.0,0.0,0.0,0.7102104872956345,0.0,/media/mengh/SharedData/zhanh/auto_structbeat/caches/8fold/mscnn_fold5_val/smc__smc_066__track.npy.npz
mscnn_smc_oof,one_sided,smc/smc_076/track.npy,smc,0.46464646464646464,0.3084863902269126,0.32158119513128913,0.31503379267910087,0.057692307692307696,0.17307692307692307,0.09615384615384616,0.17307692307692307,,,,,,,,,58.0,0.0,0.0,0.8408848099577424,38.0,0.0,0.0,1.117886797181632,0.0,/media/mengh/SharedData/zhanh/auto_structbeat/caches/8fold/mscnn_fold5_val/smc__smc_076__track.npy.npz
mscnn_smc_oof,one_sided,smc/smc_100/track.npy,smc,0.48101265822784806,0.35127635672826113,0.35127635672826113,0.35127635672826113,0.16666666666666666,0.35714285714285715,0.16666666666666666,0.35714285714285715,,,,,,,,,45.0,0.0,0.0,0.8533241044497677,21.0,0.0,0.0,0.6043368627324597,0.0,/media/mengh/SharedData/zhanh/auto_structbeat/caches/8fold/mscnn_fold5_val/smc__smc_100__track.npy.npz
mscnn_smc_oof,one_sided,smc/smc_109/track.npy,smc,0.4473684210526316,0.328923998695418,0.328923998695418,0.328923998695418,0.15789473684210525,0.18421052631578946,0.15789473684210525,0.18421052631578946,,,,,,,,,44.0,0.0,0.0,0.6999391263295122,20.0,0.0,0.0,1.1382431277035234,0.0,/media/mengh/SharedData/zhanh/auto_structbeat/caches/8fold/mscnn_fold5_val/smc__smc_109__track.npy.npz
mscnn_smc_oof,one_sided,smc/smc_117/track.npy,smc,0.4054054054054054,0.3076681603098245,0.3076681603098245,0.3076681603098245,0.15384615384615385,0.4358974358974359,0.15384615384615385,0.4358974358974359,,,,,,,,,45.0,0.0,0.0,0.7765578295622392,19.0,0.0,0.0,0.8627816253272107,0.0,/media/mengh/SharedData/zhanh/auto_structbeat/caches/8fold/mscnn_fold5_val/smc__smc_117__track.npy.npz
mscnn_smc_oof,one_sided,smc/smc_173/track.npy,smc,0.5714285714285714,0.42265813931471713,0.5914031550939615,0.5070306472043393,0.021739130434782608,0.021739130434782608,0.6595744680851063,0.8085106382978723,,,,,,,,,53.0,0.0,0.0,0.32871454897892993,20.0,0.0,0.0,0.5403981094977118,0.0,/media/mengh/SharedData/zhanh/auto_structbeat/caches/8fold/mscnn_fold5_val/smc__smc_173__track.npy.npz
mscnn_smc_oof,one_sided,smc/smc_176/track.npy,smc,0.2898550724637681,0.17258216320524758,0.17258216320524758,0.17258216320524758,0.022222222222222223,0.06666666666666667,0.08333333333333333,0.16666666666666666,,,,,,,,,25.0,0.0,0.0,0.5466980551791012,13.0,0.0,0.0,0.1361073900792356,0.0,/media/mengh/SharedData/zhanh/auto_structbeat/caches/8fold/mscnn_fold5_val/smc__smc_176__track.npy.npz
mscnn_smc_oof,one_sided,smc/smc_181/track.npy,smc,0.7352941176470589,0.4951500207161383,0.4951500207161383,0.4951500207161383,0.8,0.8,0.8,0.8,,,,,,,,,42.0,0.0,0.0,0.12377008671644085,20.0,0.0,0.0,0.1261521345175389,0.0,/media/mengh/SharedData/zhanh/auto_structbeat/caches/8fold/mscnn_fold5_val/smc__smc_181__track.npy.npz
mscnn_smc_oof,one_sided,smc/smc_194/track.npy,smc,0.0,0.0,0.0,0.0,0.0,0.0,0.0,0.0,,,,,,,,,1.0,0.0,0.0,,1.0,0.0,0.0,,0.0,/media/mengh/SharedData/zhanh/auto_structbeat/caches/8fold/mscnn_fold5_val/smc__smc_194__track.npy.npz
mscnn_smc_oof,one_sided,smc/smc_204/track.npy,smc,0.5185185185185185,0.3299401293548274,0.3299401293548274,0.3299401293548274,0.05555555555555555,0.25925925925925924,0.05555555555555555,0.25925925925925924,,,,,,,,,59.0,0.0,0.0,0.6706104789865881,28.0,0.0,0.0,0.6797750093221989,0.0,/media/mengh/SharedData/zhanh/auto_structbeat/caches/8fold/mscnn_fold5_val/smc__smc_204__track.npy.npz
mscnn_smc_oof,one_sided,smc/smc_216/track.npy,smc,0.6111111111111112,0.42921527278859833,0.42921527278859833,0.42921527278859833,0.5555555555555556,0.6111111111111112,0.5555555555555556,0.6111111111111112,,,,,,,,,39.0,0.0,0.0,0.8146231305005218,20.0,0.0,0.0,1.4351456885895117,0.0,/media/mengh/SharedData/zhanh/auto_structbeat/caches/8fold/mscnn_fold5_val/smc__smc_216__track.npy.npz
mscnn_smc_oof,one_sided,smc/smc_217/track.npy,smc,0.8064516129032258,0.5147431201225501,0.5147431201225501,0.5147431201225501,0.9354838709677419,0.9354838709677419,0.9354838709677419,0.9354838709677419,,,,,,,,,35.0,0.0,0.0,0.2259352653266581,18.0,0.0,0.0,0.08163586372295956,0.0,/media/mengh/SharedData/zhanh/auto_structbeat/caches/8fold/mscnn_fold5_val/smc__smc_217__track.npy.npz
mscnn_smc_oof,one_sided,smc/smc_266/track.npy,smc,0.5066666666666666,0.3816598121692683,0.4414444540950601,0.4115521331321642,0.0851063829787234,0.19148936170212766,0.18181818181818182,0.41818181818181815,,,,,,,,,53.0,0.0,0.0,0.8882459985486348,26.0,0.0,0.0,1.389873324216068,0.0,/media/mengh/SharedData/zhanh/auto_structbeat/caches/8fold/mscnn_fold5_val/smc__smc_266__track.npy.npz
mscnn_smc_oof,one_sided,smc/smc_269/track.npy,smc,0.7096774193548389,0.49282620873208516,0.49282620873208516,0.49282620873208516,0.7741935483870968,0.8387096774193549,0.7741935483870968,0.8387096774193549,,,,,,,,,36.0,0.0,0.0,0.5242109110787874,17.0,0.0,0.0,1.0106692938242816,0.0,/media/mengh/SharedData/zhanh/auto_structbeat/caches/8fold/mscnn_fold5_val/smc__smc_269__track.npy.npz
mscnn_smc_oof,one_sided,smc/smc_275/track.npy,smc,0.4946236559139785,0.3622485672923487,0.3622485672923487,0.3622485672923487,0.0,0.0,0.0,0.0,,,,,,,,,80.0,0.0,0.0,0.08004270767353472,27.0,0.0,0.0,0.024019201732158952,0.0,/media/mengh/SharedData/zhanh/auto_structbeat/caches/8fold/mscnn_fold5_val/smc__smc_275__track.npy.npz
mscnn_smc_oof,one_sided,smc/smc_277/track.npy,smc,0.5504587155963303,0.514337486563412,0.6459483606057724,0.5801429235845923,0.05128205128205128,0.05128205128205128,0.1794871794871795,0.46153846153846156,,,,,,,,,80.0,0.10126582278481013,0.13924050632911392,1.6570720455850934,19.0,0.0,0.0,0.5872211802554231,0.0,/media/mengh/SharedData/zhanh/auto_structbeat/caches/8fold/mscnn_fold5_val/smc__smc_277__track.npy.npz
mscnn_smc_oof,one_sided,smc/smc_282/track.npy,smc,0.9818181818181818,0.8579015974727332,0.8579015974727332,0.8579015974727332,0.6909090909090909,0.9636363636363636,0.6909090909090909,0.9636363636363636,,,,,,,,,63.0,0.0,0.0,0.031748698314585266,16.0,0.0,0.0,0.00784317746102714,0.0,/media/mengh/SharedData/zhanh/auto_structbeat/caches/8fold/mscnn_fold5_val/smc__smc_282__track.npy.npz
mscnn_smc_oof,one_sided,smc/smc_028/track.npy,smc,0.4301075268817204,0.3503919394708581,0.43774945145289434,0.39407069546187623,0.016129032258064516,0.03225806451612903,0.25806451612903225,0.7096774193548387,,,,,,,,,35.0,0.0,0.0,0.914781787700694,12.0,0.0,0.0,0.5788476325343382,0.0,/media/mengh/SharedData/zhanh/auto_structbeat/caches/8fold/mscnn_fold6_val/smc__smc_028__track.npy.npz
mscnn_smc_oof,one_sided,smc/smc_061/track.npy,smc,0.6808510638297872,0.5215426064803341,0.5215426064803341,0.5215426064803341,0.7083333333333334,0.7083333333333334,0.7083333333333334,0.7083333333333334,,,,,,,,,26.0,0.0,0.0,0.37609972717245843,14.0,0.0,0.0,1.2669210052618398,0.0,/media/mengh/SharedData/zhanh/auto_structbeat/caches/8fold/mscnn_fold6_val/smc__smc_061__track.npy.npz
mscnn_smc_oof,one_sided,smc/smc_071/track.npy,smc,0.9130434782608695,0.6937824033237167,0.6937824033237167,0.6937824033237167,1.0,1.0,1.0,1.0,,,,,,,,,52.0,0.0,0.0,0.15240986527719444,18.0,0.0,0.0,0.07307394717048904,0.0,/media/mengh/SharedData/zhanh/auto_structbeat/caches/8fold/mscnn_fold6_val/smc__smc_071__track.npy.npz
mscnn_smc_oof,one_sided,smc/smc_093/track.npy,smc,0.5840707964601769,0.4771819798052364,0.4771819798052364,0.4771819798052364,0.0,0.0,0.47368421052631576,0.47368421052631576,,,,,,,,,43.0,0.0,0.0,0.13613217432457717,22.0,0.0,0.0,0.12498063855202399,0.0,/media/mengh/SharedData/zhanh/auto_structbeat/caches/8fold/mscnn_fold6_val/smc__smc_093__track.npy.npz
mscnn_smc_oof,one_sided,smc/smc_101/track.npy,smc,0.6530612244897959,0.4926423033989584,0.4926423033989584,0.4926423033989584,0.06779661016949153,0.22033898305084745,0.06779661016949153,0.22033898305084745,,,,,,,,,45.0,0.0,0.0,0.8860110386851119,28.0,0.0,0.0,1.0074539707051617,0.0,/media/mengh/SharedData/zhanh/auto_structbeat/caches/8fold/mscnn_fold6_val/smc__smc_101__track.npy.npz
mscnn_smc_oof,one_sided,smc/smc_116/track.npy,smc,0.20689655172413793,0.19400639930188102,0.19400639930188102,0.19400639930188102,0.08333333333333333,0.25,0.08333333333333333,0.25,,,,,,,,,57.0,0.0,0.0,0.871504533762246,27.0,0.0,0.0,1.6722277564399222,0.0,/media/mengh/SharedData/zhanh/auto_structbeat/caches/8fold/mscnn_fold6_val/smc__smc_116__track.npy.npz
mscnn_smc_oof,one_sided,smc/smc_120/track.npy,smc,0.9514563106796116,0.7465496671685488,0.7465496671685488,0.7465496671685488,0.8679245283018868,0.8679245283018868,0.8679245283018868,0.8679245283018868,,,,,,,,,55.0,0.0,0.0,0.06453852113756965,27.0,0.0,0.0,0.08614573258571927,0.0,/media/mengh/SharedData/zhanh/auto_structbeat/caches/8fold/mscnn_fold6_val/smc__smc_120__track.npy.npz
mscnn_smc_oof,one_sided,smc/smc_133/track.npy,smc,0.7894736842105263,0.5448689470092486,0.5448689470092486,0.5448689470092486,0.8947368421052632,0.9736842105263158,0.8947368421052632,0.9736842105263158,,,,,,,,,44.0,0.0,0.0,0.09288327621353444,22.0,0.0,0.0,0.04537825271670336,0.0,/media/mengh/SharedData/zhanh/auto_structbeat/caches/8fold/mscnn_fold6_val/smc__smc_133__track.npy.npz
mscnn_smc_oof,one_sided,smc/smc_152/track.npy,smc,0.4800000000000001,0.392005032168853,0.392005032168853,0.392005032168853,0.020833333333333332,0.041666666666666664,0.07407407407407407,0.14814814814814814,,,,,,,,,27.0,0.0,0.0,0.6684730918221692,16.0,0.0,0.0,0.4566141701106587,0.0,/media/mengh/SharedData/zhanh/auto_structbeat/caches/8fold/mscnn_fold6_val/smc__smc_152__track.npy.npz
mscnn_smc_oof,one_sided,smc/smc_154/track.npy,smc,0.42857142857142855,0.3420475808579654,0.3554622281116658,0.3487549044848156,0.15625,0.21875,0.15625,0.21875,,,,,,,,,29.0,0.03571428571428571,0.03571428571428571,1.505995876541222,15.0,0.0,0.0,0.8837661178748633,0.0,/media/mengh/SharedData/zhanh/auto_structbeat/caches/8fold/mscnn_fold6_val/smc__smc_154__track.npy.npz
mscnn_smc_oof,one_sided,smc/smc_158/track.npy,smc,0.30000000000000004,0.24349749655590877,0.27777219170340584,0.2606348441296573,0.0,0.0,0.02702702702702703,0.06666666666666667,,,,,,,,,41.0,0.0,0.0,0.7782840324842433,19.0,0.0,0.0,1.4167272873675871,0.0,/media/mengh/SharedData/zhanh/auto_structbeat/caches/8fold/mscnn_fold6_val/smc__smc_158__track.npy.npz
mscnn_smc_oof,one_sided,smc/smc_161/track.npy,smc,0.5588235294117646,0.3912347050174806,0.3912347050174806,0.3912347050174806,0.9428571428571428,0.9428571428571428,0.9428571428571428,0.9428571428571428,,,,,,,,,33.0,0.0,0.0,0.11590080702866228,17.0,0.0,0.0,0.0947830388798208,0.0,/media/mengh/SharedData/zhanh/auto_structbeat/caches/8fold/mscnn_fold6_val/smc__smc_161__track.npy.npz
mscnn_smc_oof,one_sided,smc/smc_170/track.npy,smc,0.8837209302325582,0.7050899364957348,0.7050899364957348,0.7050899364957348,0.7674418604651163,0.9767441860465116,0.7674418604651163,0.9767441860465116,,,,,,,,,49.0,0.0,0.0,0.11544839352376617,23.0,0.0,0.0,0.0578195708888255,0.0,/media/mengh/SharedData/zhanh/auto_structbeat/caches/8fold/mscnn_fold6_val/smc__smc_170__track.npy.npz
mscnn_smc_oof,one_sided,smc/smc_184/track.npy,smc,0.78125,0.6218158416712014,0.6218158416712014,0.6218158416712014,0.7058823529411765,0.7647058823529411,0.7058823529411765,0.7647058823529411,,,,,,,,,30.0,0.0,0.0,0.439642022709711,15.0,0.0,0.0,0.3944517806520229,0.0,/media/mengh/SharedData/zhanh/auto_structbeat/caches/8fold/mscnn_fold6_val/smc__smc_184__track.npy.npz
mscnn_smc_oof,one_sided,smc/smc_187/track.npy,smc,0.24390243902439024,0.19929069422982076,0.19929069422982076,0.19929069422982076,0.13636363636363635,0.45454545454545453,0.13636363636363635,0.45454545454545453,,,,,,,,,25.0,0.0,0.0,1.3774656706422512,10.0,0.0,0.0,0.6816605017295789,0.0,/media/mengh/SharedData/zhanh/auto_structbeat/caches/8fold/mscnn_fold6_val/smc__smc_187__track.npy.npz
mscnn_smc_oof,one_sided,smc/smc_215/track.npy,smc,0.7096774193548386,0.55448852955149,0.55448852955149,0.55448852955149,0.3939393939393939,0.6666666666666666,0.3939393939393939,0.6666666666666666,,,,,,,,,33.0,0.0,0.0,0.5713763835948719,15.0,0.0,0.0,0.33172677928817157,0.0,/media/mengh/SharedData/zhanh/auto_structbeat/caches/8fold/mscnn_fold6_val/smc__smc_215__track.npy.npz
mscnn_smc_oof,one_sided,smc/smc_221/track.npy,smc,0.3,0.2070240536702403,0.2070240536702403,0.2070240536702403,0.16666666666666666,0.3333333333333333,0.16666666666666666,0.3333333333333333,,,,,,,,,34.0,0.0,0.0,0.5343026749806223,13.0,0.0,0.0,0.4374802390653806,0.0,/media/mengh/SharedData/zhanh/auto_structbeat/caches/8fold/mscnn_fold6_val/smc__smc_221__track.npy.npz
mscnn_smc_oof,one_sided,smc/smc_224/track.npy,smc,0.34782608695652173,0.21409438720497212,0.21409438720497212,0.21409438720497212,0.2972972972972973,0.6216216216216216,0.2972972972972973,0.6216216216216216,,,,,,,,,38.0,0.0,0.0,0.41984642613589795,19.0,0.0,0.0,0.1642795358592409,0.0,/media/mengh/SharedData/zhanh/auto_structbeat/caches/8fold/mscnn_fold6_val/smc__smc_224__track.npy.npz
mscnn_smc_oof,one_sided,smc/smc_226/track.npy,smc,0.4776119402985075,0.359670259589921,0.359670259589921,0.359670259589921,0.3142857142857143,0.6285714285714286,0.3142857142857143,0.6285714285714286,,,,,,,,,39.0,0.0,0.0,1.2701025686333374,20.0,0.0,0.0,0.9041779653038433,0.0,/media/mengh/SharedData/zhanh/auto_structbeat/caches/8fold/mscnn_fold6_val/smc__smc_226__track.npy.npz
mscnn_smc_oof,one_sided,smc/smc_235/track.npy,smc,0.6913580246913581,0.564567437146999,0.564567437146999,0.564567437146999,0.7111111111111111,0.7111111111111111,0.7111111111111111,0.7111111111111111,,,,,,,,,55.0,0.0,0.0,0.5369944331845281,24.0,0.0,0.0,0.6965684605667556,0.0,/media/mengh/SharedData/zhanh/auto_structbeat/caches/8fold/mscnn_fold6_val/smc__smc_235__track.npy.npz
mscnn_smc_oof,one_sided,smc/smc_239/track.npy,smc,0.26666666666666666,0.17109457203173747,0.22778487370018802,0.19943972286596273,0.125,0.28125,0.125,0.28125,,,,,,,,,35.0,0.0,0.0,0.7649433125863839,9.0,0.0,0.0,0.6297409459092601,0.0,/media/mengh/SharedData/zhanh/auto_structbeat/caches/8fold/mscnn_fold6_val/smc__smc_239__track.npy.npz
mscnn_smc_oof,one_sided,smc/smc_249/track.npy,smc,0.8799999999999999,0.7282935242163789,0.7282935242163789,0.7282935242163789,0.8461538461538461,0.8717948717948718,0.8461538461538461,0.8717948717948718,,,,,,,,,45.0,0.0,0.0,0.11700482161218162,22.0,0.0,0.0,0.15067591730168595,0.0,/media/mengh/SharedData/zhanh/auto_structbeat/caches/8fold/mscnn_fold6_val/smc__smc_249__track.npy.npz
mscnn_smc_oof,one_sided,smc/smc_265/track.npy,smc,0.5736434108527132,0.436644888904885,0.436644888904885,0.436644888904885,0.14285714285714285,0.2976190476190476,0.14285714285714285,0.2976190476190476,,,,,,,,,53.0,0.0,0.0,0.6813819318548475,20.0,0.0,0.0,0.4382514368461872,0.0,/media/mengh/SharedData/zhanh/auto_structbeat/caches/8fold/mscnn_fold6_val/smc__smc_265__track.npy.npz
mscnn_smc_oof,one_sided,smc/smc_278/track.npy,smc,0.9917355371900827,0.864106438430673,0.864106438430673,0.864106438430673,0.9836065573770492,0.9836065573770492,0.9836065573770492,0.9836065573770492,,,,,,,,,70.0,0.0,0.0,0.06899287148694999,35.0,0.0,0.0,0.03448617607116858,0.0,/media/mengh/SharedData/zhanh/auto_structbeat/caches/8fold/mscnn_fold6_val/smc__smc_278__track.npy.npz
mscnn_smc_oof,one_sided,smc/smc_280/track.npy,smc,1.0,0.8997848338823516,0.8997848338823516,0.8997848338823516,1.0,1.0,1.0,1.0,,,,,,,,,57.0,0.0,0.0,0.057158413839952404,15.0,0.0,0.0,0.014184634991956813,0.0,/media/mengh/SharedData/zhanh/auto_structbeat/caches/8fold/mscnn_fold6_val/smc__smc_280__track.npy.npz
mscnn_smc_oof,one_sided,smc/smc_284/track.npy,smc,1.0,0.867835593903981,0.867835593903981,0.867835593903981,1.0,1.0,1.0,1.0,,,,,,,,,65.0,0.0,0.0,0.06669137449867099,15.0,0.0,0.0,0.011591002469301902,0.0,/media/mengh/SharedData/zhanh/auto_structbeat/caches/8fold/mscnn_fold6_val/smc__smc_284__track.npy.npz
mscnn_smc_oof,one_sided,smc/smc_287/track.npy,smc,1.0,0.8200678856392893,0.8200678856392893,0.8200678856392893,1.0,1.0,1.0,1.0,,,,,,,,,68.0,0.0,0.0,0.03390155167568665,17.0,0.0,0.0,0.00851068966791002,0.0,/media/mengh/SharedData/zhanh/auto_structbeat/caches/8fold/mscnn_fold6_val/smc__smc_287__track.npy.npz
mscnn_smc_oof,one_sided,smc/smc_008/track.npy,smc,0.4273504273504274,0.31289945262685726,0.31289945262685726,0.31289945262685726,0.012658227848101266,0.012658227848101266,0.075,0.125,,,,,,,,,45.0,0.0,0.0,0.7149231694803959,11.0,0.0,0.0,0.6377318615064568,0.0,/media/mengh/SharedData/zhanh/auto_structbeat/caches/8fold/mscnn_fold7_val/smc__smc_008__track.npy.npz
mscnn_smc_oof,one_sided,smc/smc_010/track.npy,smc,0.7560975609756098,0.5981770017703626,0.5981770017703626,0.5981770017703626,0.35555555555555557,0.5555555555555556,0.35555555555555557,0.5555555555555556,,,,,,,,,42.0,0.0,0.0,0.7189865649702604,18.0,0.0,0.0,0.6866794989596774,0.0,/media/mengh/SharedData/zhanh/auto_structbeat/caches/8fold/mscnn_fold7_val/smc__smc_010__track.npy.npz
mscnn_smc_oof,one_sided,smc/smc_014/track.npy,smc,0.5135135135135135,0.4056856964597899,0.4056856964597899,0.4056856964597899,0.08888888888888889,0.2,0.08888888888888889,0.2,,,,,,,,,35.0,0.058823529411764705,0.058823529411764705,3.3388634322746733,16.0,0.0,0.0,0.5690498807424706,0.0,/media/mengh/SharedData/zhanh/auto_structbeat/caches/8fold/mscnn_fold7_val/smc__smc_014__track.npy.npz
mscnn_smc_oof,one_sided,smc/smc_015/track.npy,smc,0.4838709677419355,0.44545224676593054,0.48767269739452057,0.46656247208022555,0.024390243902439025,0.024390243902439025,0.24390243902439024,0.6341463414634146,,,,,,,,,43.0,0.0,0.0,0.9395475940384238,21.0,0.0,0.0,0.5901621935872833,0.0,/media/mengh/SharedData/zhanh/auto_structbeat/caches/8fold/mscnn_fold7_val/smc__smc_015__track.npy.npz
mscnn_smc_oof,one_sided,smc/smc_023/track.npy,smc,0.5714285714285714,0.5151190715686794,0.6971402462457941,0.6061296589072367,0.0,0.0,0.3673469387755102,0.6122448979591837,,,,,,,,,55.0,0.018518518518518517,0.018518518518518517,0.880540671120284,16.0,0.0,0.0,0.910533395331504,0.0,/media/mengh/SharedData/zhanh/auto_structbeat/caches/8fold/mscnn_fold7_val/smc__smc_023__track.npy.npz
mscnn_smc_oof,one_sided,smc/smc_024/track.npy,smc,0.746031746031746,0.6452423594702258,0.6452423594702258,0.6452423594702258,0.16,0.38666666666666666,0.16,0.38666666666666666,,,,,,,,,58.0,0.0,0.0,0.7565755154991604,32.0,0.0,0.0,1.140253242921952,0.0,/media/mengh/SharedData/zhanh/auto_structbeat/caches/8fold/mscnn_fold7_val/smc__smc_024__track.npy.npz
mscnn_smc_oof,one_sided,smc/smc_036/track.npy,smc,0.7654320987654321,0.5874323355902791,0.5874323355902791,0.5874323355902791,0.5333333333333333,0.5333333333333333,0.5333333333333333,0.5333333333333333,,,,,,,,,49.0,0.0,0.0,0.2570521653238337,24.0,0.0,0.0,0.39957595632534676,0.0,/media/mengh/SharedData/zhanh/auto_structbeat/caches/8fold/mscnn_fold7_val/smc__smc_036__track.npy.npz
mscnn_smc_oof,one_sided,smc/smc_046/track.npy,smc,0.5526315789473685,0.43288922779236144,0.43288922779236144,0.43288922779236144,0.39473684210526316,0.7368421052631579,0.39473684210526316,0.7368421052631579,,,,,,,,,42.0,0.0,0.0,0.43493080229003417,21.0,0.0,0.0,0.189191615510863,0.0,/media/mengh/SharedData/zhanh/auto_structbeat/caches/8fold/mscnn_fold7_val/smc__smc_046__track.npy.npz
mscnn_smc_oof,one_sided,smc/smc_064/track.npy,smc,0.0,0.0019510352333404158,0.06862572487787119,0.035288380055605806,0.0,0.0,0.02,0.14,,,,,,,,,55.0,0.0,0.0,0.4567584024957141,18.0,0.0,0.0,1.9296640264694283,0.0,/media/mengh/SharedData/zhanh/auto_structbeat/caches/8fold/mscnn_fold7_val/smc__smc_064__track.npy.npz
mscnn_smc_oof,one_sided,smc/smc_079/track.npy,smc,0.6463414634146342,0.5692513697375118,0.6553652892796075,0.6123083295085596,0.009259259259259259,0.027777777777777776,0.32142857142857145,0.625,,,,,,,,,65.0,0.0,0.0,0.5161675941945261,32.0,0.0,0.0,0.30917505187730415,0.0,/media/mengh/SharedData/zhanh/auto_structbeat/caches/8fold/mscnn_fold7_val/smc__smc_079__track.npy.npz
mscnn_smc_oof,one_sided,smc/smc_080/track.npy,smc,0.3492063492063492,0.29304084232942473,0.29304084232942473,0.29304084232942473,0.0,0.0,0.06818181818181818,0.20454545454545456,,,,,,,,,51.0,0.0,0.0,0.6536266919657251,22.0,0.0,0.0,1.1921500819139939,0.0,/media/mengh/SharedData/zhanh/auto_structbeat/caches/8fold/mscnn_fold7_val/smc__smc_080__track.npy.npz
mscnn_smc_oof,one_sided,smc/smc_092/track.npy,smc,0.7479674796747967,0.6375428871521519,0.6712391855795614,0.6543910363658567,0.24324324324324326,0.32432432432432434,0.5102040816326531,0.5102040816326531,,,,,,,,,57.0,0.0,0.0,0.3074161248949704,21.0,0.0,0.0,0.693475423823494,0.0,/media/mengh/SharedData/zhanh/auto_structbeat/caches/8fold/mscnn_fold7_val/smc__smc_092__track.npy.npz
mscnn_smc_oof,one_sided,smc/smc_119/track.npy,smc,0.22916666666666666,0.1726385833059015,0.1942047655283713,0.18342167441713642,0.109375,0.15625,0.109375,0.15625,,,,,,,,,71.0,0.02857142857142857,0.11428571428571428,1.3450067284333613,28.0,0.0,0.0,0.8109046726811785,0.0,/media/mengh/SharedData/zhanh/auto_structbeat/caches/8fold/mscnn_fold7_val/smc__smc_119__track.npy.npz
mscnn_smc_oof,one_sided,smc/smc_146/track.npy,smc,0.6666666666666666,0.43503741522122624,0.43503741522122624,0.43503741522122624,0.48484848484848486,0.9090909090909091,0.48484848484848486,0.9090909090909091,,,,,,,,,37.0,0.0,0.0,0.42336052733738405,24.0,0.0,0.0,1.152115687801869,0.0,/media/mengh/SharedData/zhanh/auto_structbeat/caches/8fold/mscnn_fold7_val/smc__smc_146__track.npy.npz
mscnn_smc_oof,one_sided,smc/smc_148/track.npy,smc,0.09836065573770493,0.09867983097506224,0.10197660609575764,0.10032821853540994,0.0,0.0,0.047619047619047616,0.09523809523809523,,,,,,,,,23.0,0.09090909090909091,0.09090909090909091,1.9169226121820462,14.0,0.15384615384615385,0.15384615384615385,3.174197617687771,0.0,/media/mengh/SharedData/zhanh/auto_structbeat/caches/8fold/mscnn_fold7_val/smc__smc_148__track.npy.npz
mscnn_smc_oof,one_sided,smc/smc_151/track.npy,smc,0.5714285714285714,0.43048516845962614,0.43048516845962614,0.43048516845962614,0.15584415584415584,0.2597402597402597,0.16326530612244897,0.2597402597402597,,,,,,,,,62.0,0.0,0.0,0.29418710619539523,25.0,0.0,0.0,0.3839847857942098,0.0,/media/mengh/SharedData/zhanh/auto_structbeat/caches/8fold/mscnn_fold7_val/smc__smc_151__track.npy.npz
mscnn_smc_oof,one_sided,smc/smc_153/track.npy,smc,0.3486238532110092,0.24040930125699517,0.4355991006854589,0.338004200971227,0.21818181818181817,0.2909090909090909,0.21818181818181817,0.5740740740740741,,,,,,,,,62.0,0.0,0.0,0.5726547598379071,41.0,0.0,0.0,1.1458447127092724,0.0,/media/mengh/SharedData/zhanh/auto_structbeat/caches/8fold/mscnn_fold7_val/smc__smc_153__track.npy.npz
mscnn_smc_oof,one_sided,smc/smc_159/track.npy,smc,0.5121951219512195,0.38743109067016107,0.5468016705008912,0.4671163805855262,0.037037037037037035,0.037037037037037035,0.9285714285714286,0.9285714285714286,,,,,,,,,32.0,0.0,0.0,0.41794384200258494,15.0,0.0,0.0,0.31582052658004844,0.0,/media/mengh/SharedData/zhanh/auto_structbeat/caches/8fold/mscnn_fold7_val/smc__smc_159__track.npy.npz
mscnn_smc_oof,one_sided,smc/smc_182/track.npy,smc,0.8048780487804877,0.5854175389078713,0.5854175389078713,0.5854175389078713,0.5609756097560976,0.9024390243902439,0.5609756097560976,0.9024390243902439,,,,,,,,,46.0,0.0,0.0,0.2595042479404912,12.0,0.0,0.0,0.086303044579099,0.0,/media/mengh/SharedData/zhanh/auto_structbeat/caches/8fold/mscnn_fold7_val/smc__smc_182__track.npy.npz
mscnn_smc_oof,one_sided,smc/smc_192/track.npy,smc,0.1851851851851852,0.14356806900041322,0.17497515697421856,0.1592716129873159,0.1111111111111111,0.1388888888888889,0.1111111111111111,0.1388888888888889,,,,,,,,,39.0,0.23684210526315788,0.42105263157894735,1.583795485151286,20.0,0.05263157894736842,0.21052631578947367,1.8428106654070187,0.0,/media/mengh/SharedData/zhanh/auto_structbeat/caches/8fold/mscnn_fold7_val/smc__smc_192__track.npy.npz
mscnn_smc_oof,one_sided,smc/smc_193/track.npy,smc,0.8941176470588236,0.6411401123681882,0.6411401123681882,0.6411401123681882,0.6511627906976745,0.8837209302325582,0.6511627906976745,0.8837209302325582,,,,,,,,,45.0,0.0,0.0,0.3872329524287691,19.0,0.0,0.0,0.8882801652638647,0.0,/media/mengh/SharedData/zhanh/auto_structbeat/caches/8fold/mscnn_fold7_val/smc__smc_193__track.npy.npz
mscnn_smc_oof,one_sided,smc/smc_195/track.npy,smc,0.5151515151515151,0.4264178711838133,0.4264178711838133,0.4264178711838133,0.2857142857142857,0.3142857142857143,0.2857142857142857,0.3142857142857143,,,,,,,,,46.0,0.022222222222222223,0.022222222222222223,1.5743346997341445,21.0,0.0,0.0,1.7350800551219638,0.0,/media/mengh/SharedData/zhanh/auto_structbeat/caches/8fold/mscnn_fold7_val/smc__smc_195__track.npy.npz
mscnn_smc_oof,one_sided,smc/smc_205/track.npy,smc,0.7326732673267327,0.6241518866687339,0.6241518866687339,0.6241518866687339,0.2542372881355932,0.4915254237288136,0.2542372881355932,0.4915254237288136,,,,,,,,,71.0,0.02857142857142857,0.02857142857142857,1.0275733769144428,23.0,0.0,0.0,0.7514160886839232,0.0,/media/mengh/SharedData/zhanh/auto_structbeat/caches/8fold/mscnn_fold7_val/smc__smc_205__track.npy.npz
mscnn_smc_oof,one_sided,smc/smc_211/track.npy,smc,0.4444444444444445,0.2895318862401662,0.2895318862401662,0.2895318862401662,0.46938775510204084,0.5306122448979592,0.46938775510204084,0.5306122448979592,,,,,,,,,46.0,0.0,0.0,0.42973761569504026,16.0,0.0,0.0,1.0210731511893314,0.0,/media/mengh/SharedData/zhanh/auto_structbeat/caches/8fold/mscnn_fold7_val/smc__smc_211__track.npy.npz
mscnn_smc_oof,one_sided,smc/smc_236/track.npy,smc,0.5,0.3583966243624741,0.3583966243624741,0.3583966243624741,0.3111111111111111,0.3333333333333333,0.3111111111111111,0.3333333333333333,,,,,,,,,53.0,0.0,0.0,0.7671072455982565,29.0,0.0,0.0,1.0254665191003027,0.0,/media/mengh/SharedData/zhanh/auto_structbeat/caches/8fold/mscnn_fold7_val/smc__smc_236__track.npy.npz
mscnn_smc_oof,one_sided,smc/smc_257/track.npy,smc,0.6101694915254237,0.4155834858838534,0.4583859294529341,0.43698470766839376,0.11764705882352941,0.17647058823529413,0.44,0.44,,,,,,,,,58.0,0.0,0.0,0.8372703451307907,28.0,0.0,0.0,0.5416925493477284,0.0,/media/mengh/SharedData/zhanh/auto_structbeat/caches/8fold/mscnn_fold7_val/smc__smc_257__track.npy.npz
mscnn_smc_oof,one_sided,smc/smc_272/track.npy,smc,0.6519337016574585,0.6073524485626205,0.6073524485626205,0.6073524485626205,0.0,0.0,0.5245901639344263,0.5245901639344263,,,,,,,,,68.0,0.0,0.0,0.06899287148695263,17.0,0.0,0.0,0.00865806274311598,0.0,/media/mengh/SharedData/zhanh/auto_structbeat/caches/8fold/mscnn_fold7_val/smc__smc_272__track.npy.npz
mscnn_smc_oof,one_sided,smc/smc_285/track.npy,smc,0.9078014184397163,0.7757778909349252,0.7757778909349252,0.7757778909349252,0.5352112676056338,0.8591549295774648,0.5352112676056338,0.8591549295774648,,,,,,,,,80.0,0.0,0.0,0.6131044728864106,19.0,0.0,0.0,0.1849888068983982,0.0,/media/mengh/SharedData/zhanh/auto_structbeat/caches/8fold/mscnn_fold7_val/smc__smc_285__track.npy.npz
