label,family,tuning_size,tuning_folds,selected_candidate_hash,configuration_hash,selected_parameters,smc_piece_count,gtzan_piece_count,smc_beat_fmeasure,smc_beat_cmlt,smc_beat_amlt,gtzan_beat_fmeasure,gtzan_beat_cmlt,gtzan_beat_amlt,gtzan_downbeat_fmeasure,gtzan_downbeat_cmlt,gtzan_downbeat_amlt
direct,direct,0,,,6acfad49ba1080aa053ac1950e3a73d11af7efd1cdfecdd111329a76a544d92a,{},27,993,0.6502497771278297,0.6031252961411672,0.7212584700548198,0.8921548143412252,0.7982278386537647,0.9026568785601621,0.7870865932206781,0.6776588359517884,0.7990018544004599
1f_1,exhaustive_1f,1,1,93f40ad87602ae68d84c6d1d72e307c27a67cc94d2b508f619f3376df08ae7de,c3311ff6a0bfa0d0344838fdc923b7627ccbe32332a2fb9f17664c2804eca22a,"{""bar_reward"":0.0,""candidate_threshold"":0.03,""downbeat_agreement_threshold"":0.6,""downbeat_agreement_tolerance"":0.07,""downbeat_mode"":""meter"",""downbeat_temperature"":4.0,""duration_sigma"":0.15,""duration_weight"":4.0,""fallback_maximal_ratio"":1.8,""fallback_minimal_ratio"":0.85,""fps"":50.0,""local_window_seconds"":8.0,""logit_clip"":6.0,""max_bpm"":300.0,""meter_change_penalty"":3.0,""meters"":[2,3,4,5,6,7],""min_bpm"":30.0,""temperature"":2.0,""tempo_bias"":0.15,""uncertain_sigma"":0.4}",27,993,0.6576139596187013,0.6292443559606538,0.7589673472276188,0.8926876534910437,0.8018783250478511,0.9066984033218329,0.7908900869895549,0.7009166387201801,0.8543926402418801
1f_2,exhaustive_1f,1,2,99a99862abea8248ce12c6486ece9d222829d4a0d87a1451f542fa7d8536855e,5be2d0f5c6f59da2a378d4c9f53cb7e42ffc45707af8b8a1380bee87e190e748,"{""bar_reward"":0.0,""candidate_threshold"":0.03,""downbeat_agreement_threshold"":0.6,""downbeat_agreement_tolerance"":0.07,""downbeat_mode"":""meter"",""downbeat_temperature"":4.0,""duration_sigma"":0.12,""duration_weight"":4.0,""fallback_maximal_ratio"":1.8,""fallback_minimal_ratio"":0.9,""fps"":50.0,""local_window_seconds"":8.0,""logit_clip"":6.0,""max_bpm"":300.0,""meter_change_penalty"":3.0,""meters"":[2,3,4,5,6,7],""min_bpm"":30.0,""temperature"":2.0,""tempo_bias"":0.15,""uncertain_sigma"":0.4}",27,993,0.6554164710929021,0.6227786947252556,0.7521592382813519,0.8926138904692752,0.8008184041401912,0.9057587807077065,0.7913342214785298,0.6997330491487425,0.8554198966282873
1f_3,exhaustive_1f,1,3,02e78e97b3575ed22c4a68dcfc81f511bc3633ac348bf19828f51f4ed80f53aa,673f7dc9aab24d385aa78d96e59613dfdf3d08df31f4868f8e134d82204409b6,"{""bar_reward"":0.0,""candidate_threshold"":0.03,""downbeat_agreement_threshold"":0.6,""downbeat_agreement_tolerance"":0.07,""downbeat_mode"":""meter"",""downbeat_temperature"":4.0,""duration_sigma"":0.08,""duration_weight"":4.0,""fallback_maximal_ratio"":1.8,""fallback_minimal_ratio"":0.9,""fps"":50.0,""local_window_seconds"":8.0,""logit_clip"":6.0,""max_bpm"":300.0,""meter_change_penalty"":3.0,""meters"":[2,3,4,5,6,7],""min_bpm"":30.0,""temperature"":2.0,""tempo_bias"":0.15,""uncertain_sigma"":0.4}",27,993,0.6572348355694944,0.6225886088896204,0.7486299006623943,0.8926536412446233,0.8009726803973013,0.9058942423241504,0.7905949743518375,0.6998978246414014,0.8557394647656604
1f_4,exhaustive_1f,1,4,c9b58fc4e32a1fcd463357f7adf6d9a5409bb428ed71bc6b9578383c6a67d08e,8296140de7df2ce9f389348f3f206cfcfbf041706fafcb6ee08db1ede3773a64,"{""bar_reward"":0.0,""candidate_threshold"":0.03,""downbeat_agreement_threshold"":0.6,""downbeat_agreement_tolerance"":0.07,""downbeat_mode"":""meter"",""downbeat_temperature"":4.0,""duration_sigma"":0.12,""duration_weight"":4.0,""fallback_maximal_ratio"":1.8,""fallback_minimal_ratio"":0.8,""fps"":50.0,""local_window_seconds"":8.0,""logit_clip"":6.0,""max_bpm"":300.0,""meter_change_penalty"":3.0,""meters"":[2,3,4,5,6,7],""min_bpm"":30.0,""temperature"":2.0,""tempo_bias"":0.15,""uncertain_sigma"":0.3}",27,993,0.6575466402677463,0.6335158092708197,0.7509602858163552,0.8922266048613376,0.8014711740634515,0.9059170386407104,0.7908344780355122,0.7006879693511525,0.8536667844829133
1f_5,exhaustive_1f,1,5,5ae7853db9345eae791a827e2178f0ffa4574a12583ca0c52ae8faa89e5eecc7,8bf8a58ac25af7365d8cf85a2903701702866727ea736e40536a4940dc04f4f6,"{""bar_reward"":0.0,""candidate_threshold"":0.03,""downbeat_agreement_threshold"":0.6,""downbeat_agreement_tolerance"":0.07,""downbeat_mode"":""meter"",""downbeat_temperature"":4.0,""duration_sigma"":0.18,""duration_weight"":4.0,""fallback_maximal_ratio"":1.8,""fallback_minimal_ratio"":1.0,""fps"":50.0,""local_window_seconds"":8.0,""logit_clip"":6.0,""max_bpm"":300.0,""meter_change_penalty"":3.0,""meters"":[2,3,4,5,6,7],""min_bpm"":30.0,""temperature"":2.0,""tempo_bias"":0.15,""uncertain_sigma"":0.4}",27,993,0.6510471153680889,0.6093746959817646,0.735918363722578,0.8924024088751941,0.7990706549699964,0.9036372777160467,0.7892580107380369,0.6955184021989869,0.8512463888263737
1f_6,exhaustive_1f,1,6,5449db395c98788f75d1c9169835e8deeff5c25cc7da68199a488f9e66217a64,4e9ba38be773530116ff8b1598997555fbeacc91f43f1a2be404c31459e18b7a,"{""bar_reward"":0.0,""candidate_threshold"":0.03,""downbeat_agreement_threshold"":0.6,""downbeat_agreement_tolerance"":0.07,""downbeat_mode"":""meter"",""downbeat_temperature"":4.0,""duration_sigma"":0.18,""duration_weight"":4.0,""fallback_maximal_ratio"":1.8,""fallback_minimal_ratio"":0.9,""fps"":50.0,""local_window_seconds"":8.0,""logit_clip"":6.0,""max_bpm"":300.0,""meter_change_penalty"":3.0,""meters"":[2,3,4,5,6,7],""min_bpm"":30.0,""temperature"":2.0,""tempo_bias"":0.15,""uncertain_sigma"":0.4}",27,993,0.6546450277165287,0.6210296997082068,0.7507526909751718,0.8925976401624354,0.8006461752307845,0.9054714449026381,0.7905928568535106,0.6987294741870193,0.8536558156084749
1f_7,exhaustive_1f,1,7,653f3d357e6b4c512bcbc23898a498c6a99848064662301b22c619ec10718fe1,0c26435216c378415e0f6fb0e11ee26499c16f19af348869e76862f791e47d16,"{""bar_reward"":0.0,""candidate_threshold"":0.03,""downbeat_agreement_threshold"":0.6,""downbeat_agreement_tolerance"":0.07,""downbeat_mode"":""meter"",""downbeat_temperature"":4.0,""duration_sigma"":0.08,""duration_weight"":12.0,""fallback_maximal_ratio"":1.8,""fallback_minimal_ratio"":1.0,""fps"":50.0,""local_window_seconds"":8.0,""logit_clip"":6.0,""max_bpm"":300.0,""meter_change_penalty"":3.0,""meters"":[2,3,4,5,6,7],""min_bpm"":30.0,""temperature"":2.0,""tempo_bias"":0.15,""uncertain_sigma"":0.3}",27,993,0.6496887377134934,0.6065237594301751,0.7342560434133681,0.8923556323994059,0.7994509841304471,0.9040599387761457,0.7877529635656603,0.6962570845343321,0.853263146169312
2f_1_2,exhaustive_2f,2,"1,2",70843a30a69a606429c7501bcdc734becdf8d909b206f5ef421c651fb75f66e5,358256fc3791ffc975aa260f0f4dfd7cc25474c3976410fc60aea54abeaae238,"{""bar_reward"":0.0,""candidate_threshold"":0.03,""downbeat_agreement_threshold"":0.6,""downbeat_agreement_tolerance"":0.07,""downbeat_mode"":""meter"",""downbeat_temperature"":4.0,""duration_sigma"":0.15,""duration_weight"":4.0,""fallback_maximal_ratio"":1.8,""fallback_minimal_ratio"":0.9,""fps"":50.0,""local_window_seconds"":8.0,""logit_clip"":6.0,""max_bpm"":300.0,""meter_change_penalty"":3.0,""meters"":[2,3,4,5,6,7],""min_bpm"":30.0,""temperature"":2.0,""tempo_bias"":0.15,""uncertain_sigma"":0.4}",27,993,0.6552076156208889,0.6227523525936504,0.7524753438606154,0.8925694031120669,0.8007169876721455,0.9053670590344912,0.7906372966885902,0.6987627956727133,0.8538915396613961
2f_1_3,exhaustive_2f,2,"1,3",8178e190c878986ab60533dcb2f17871f6b125943ba9905e572163eb9d2aefd3,25b411a7ecc93c5128004b996636c5c5c825f4d6f97d31a087aa3a92cbc2a862,"{""bar_reward"":0.0,""candidate_threshold"":0.03,""downbeat_agreement_threshold"":0.6,""downbeat_agreement_tolerance"":0.07,""downbeat_mode"":""meter"",""downbeat_temperature"":4.0,""duration_sigma"":0.08,""duration_weight"":4.0,""fallback_maximal_ratio"":1.8,""fallback_minimal_ratio"":0.85,""fps"":50.0,""local_window_seconds"":8.0,""logit_clip"":6.0,""max_bpm"":300.0,""meter_change_penalty"":3.0,""meters"":[2,3,4,5,6,7],""min_bpm"":30.0,""temperature"":2.0,""tempo_bias"":0.15,""uncertain_sigma"":0.4}",27,993,0.6596411795673068,0.6290806122566238,0.7551219040293977,0.892546603048219,0.8012715823218094,0.9058939537591308,0.790870034951094,0.7009207987680673,0.8560044365489426
2f_1_4,exhaustive_2f,2,"1,4",252f7adc4993a27ce00bdc1dad7e2b3f27228ec9dc04b8980d8c60817d32a6e4,c7c810f48e59b3ec70d519087706ab5c38f4152cc186018061a79ea33df16adf,"{""bar_reward"":0.0,""candidate_threshold"":0.03,""downbeat_agreement_threshold"":0.6,""downbeat_agreement_tolerance"":0.07,""downbeat_mode"":""meter"",""downbeat_temperature"":4.0,""duration_sigma"":0.18,""duration_weight"":4.0,""fallback_maximal_ratio"":1.8,""fallback_minimal_ratio"":0.8,""fps"":50.0,""local_window_seconds"":8.0,""logit_clip"":6.0,""max_bpm"":300.0,""meter_change_penalty"":3.0,""meters"":[2,3,4,5,6,7],""min_bpm"":30.0,""temperature"":2.0,""tempo_bias"":0.15,""uncertain_sigma"":0.2}",27,993,0.6565362570515764,0.6339394620066885,0.753973703150458,0.8921936514149004,0.8019518302896365,0.905748524218409,0.7901501328761917,0.7004730523653238,0.8548649132380642
2f_1_5,exhaustive_2f,2,"1,5",70843a30a69a606429c7501bcdc734becdf8d909b206f5ef421c651fb75f66e5,358256fc3791ffc975aa260f0f4dfd7cc25474c3976410fc60aea54abeaae238,"{""bar_reward"":0.0,""candidate_threshold"":0.03,""downbeat_agreement_threshold"":0.6,""downbeat_agreement_tolerance"":0.07,""downbeat_mode"":""meter"",""downbeat_temperature"":4.0,""duration_sigma"":0.15,""duration_weight"":4.0,""fallback_maximal_ratio"":1.8,""fallback_minimal_ratio"":0.9,""fps"":50.0,""local_window_seconds"":8.0,""logit_clip"":6.0,""max_bpm"":300.0,""meter_change_penalty"":3.0,""meters"":[2,3,4,5,6,7],""min_bpm"":30.0,""temperature"":2.0,""tempo_bias"":0.15,""uncertain_sigma"":0.4}",27,993,0.6552076156208889,0.6227523525936504,0.7524753438606154,0.8925694031120669,0.8007169876721455,0.9053670590344912,0.7906372966885902,0.6987627956727133,0.8538915396613961
2f_1_6,exhaustive_2f,2,"1,6",93f40ad87602ae68d84c6d1d72e307c27a67cc94d2b508f619f3376df08ae7de,c3311ff6a0bfa0d0344838fdc923b7627ccbe32332a2fb9f17664c2804eca22a,"{""bar_reward"":0.0,""candidate_threshold"":0.03,""downbeat_agreement_threshold"":0.6,""downbeat_agreement_tolerance"":0.07,""downbeat_mode"":""meter"",""downbeat_temperature"":4.0,""duration_sigma"":0.15,""duration_weight"":4.0,""fallback_maximal_ratio"":1.8,""fallback_minimal_ratio"":0.85,""fps"":50.0,""local_window_seconds"":8.0,""logit_clip"":6.0,""max_bpm"":300.0,""meter_change_penalty"":3.0,""meters"":[2,3,4,5,6,7],""min_bpm"":30.0,""temperature"":2.0,""tempo_bias"":0.15,""uncertain_sigma"":0.4}",27,993,0.6576139596187013,0.6292443559606538,0.7589673472276188,0.8926876534910437,0.8018783250478511,0.9066984033218329,0.7908900869895549,0.7009166387201801,0.8543926402418801
2f_1_7,exhaustive_2f,2,"1,7",23b5f1823e5c92dd3ec1d1c93bb609620bfc6eb184ba4c67b0f3228c5d0ba596,0d3473d4d588f2d3cae869e1ea886b7b80aae15ba82871f3e6f07792fd0c7c90,"{""bar_reward"":0.0,""candidate_threshold"":0.03,""downbeat_agreement_threshold"":0.6,""downbeat_agreement_tolerance"":0.07,""downbeat_mode"":""meter"",""downbeat_temperature"":4.0,""duration_sigma"":0.18,""duration_weight"":4.0,""fallback_maximal_ratio"":1.8,""fallback_minimal_ratio"":0.9,""fps"":50.0,""local_window_seconds"":8.0,""logit_clip"":6.0,""max_bpm"":300.0,""meter_change_penalty"":3.0,""meters"":[2,3,4,5,6,7],""min_bpm"":30.0,""temperature"":2.0,""tempo_bias"":0.15,""uncertain_sigma"":0.2}",27,993,0.6548501152918402,0.6227029255317394,0.7522836495190816,0.8926752387041609,0.800990276442184,0.9061857951054595,0.789980877933873,0.6979380439018422,0.8549606346878936
2f_2_3,exhaustive_2f,2,"2,3",99a99862abea8248ce12c6486ece9d222829d4a0d87a1451f542fa7d8536855e,5be2d0f5c6f59da2a378d4c9f53cb7e42ffc45707af8b8a1380bee87e190e748,"{""bar_reward"":0.0,""candidate_threshold"":0.03,""downbeat_agreement_threshold"":0.6,""downbeat_agreement_tolerance"":0.07,""downbeat_mode"":""meter"",""downbeat_temperature"":4.0,""duration_sigma"":0.12,""duration_weight"":4.0,""fallback_maximal_ratio"":1.8,""fallback_minimal_ratio"":0.9,""fps"":50.0,""local_window_seconds"":8.0,""logit_clip"":6.0,""max_bpm"":300.0,""meter_change_penalty"":3.0,""meters"":[2,3,4,5,6,7],""min_bpm"":30.0,""temperature"":2.0,""tempo_bias"":0.15,""uncertain_sigma"":0.4}",27,993,0.6554164710929021,0.6227786947252556,0.7521592382813519,0.8926138904692752,0.8008184041401912,0.9057587807077065,0.7913342214785298,0.6997330491487425,0.8554198966282873
2f_2_4,exhaustive_2f,2,"2,4",251c96b23223b2e4ddef7f4ab85592663a1c27fcd6d62b1a5d1ef5625ed01f71,2073469055e486de2f8af10a41fae09cdded01a8f4dd2d8a68eb4d84d8f6baed,"{""bar_reward"":0.0,""candidate_threshold"":0.03,""downbeat_agreement_threshold"":0.6,""downbeat_agreement_tolerance"":0.07,""downbeat_mode"":""meter"",""downbeat_temperature"":4.0,""duration_sigma"":0.12,""duration_weight"":4.0,""fallback_maximal_ratio"":1.8,""fallback_minimal_ratio"":0.85,""fps"":50.0,""local_window_seconds"":8.0,""logit_clip"":6.0,""max_bpm"":300.0,""meter_change_penalty"":3.0,""meters"":[2,3,4,5,6,7],""min_bpm"":30.0,""temperature"":2.0,""tempo_bias"":0.15,""uncertain_sigma"":0.4}",27,993,0.6578228150907145,0.6292706980922589,0.7586512416483553,0.8927303858590241,0.8016974081187908,0.9060563476032303,0.7915986455242192,0.7010246312479439,0.8560025202510195
2f_2_5,exhaustive_2f,2,"2,5",70843a30a69a606429c7501bcdc734becdf8d909b206f5ef421c651fb75f66e5,358256fc3791ffc975aa260f0f4dfd7cc25474c3976410fc60aea54abeaae238,"{""bar_reward"":0.0,""candidate_threshold"":0.03,""downbeat_agreement_threshold"":0.6,""downbeat_agreement_tolerance"":0.07,""downbeat_mode"":""meter"",""downbeat_temperature"":4.0,""duration_sigma"":0.15,""duration_weight"":4.0,""fallback_maximal_ratio"":1.8,""fallback_minimal_ratio"":0.9,""fps"":50.0,""local_window_seconds"":8.0,""logit_clip"":6.0,""max_bpm"":300.0,""meter_change_penalty"":3.0,""meters"":[2,3,4,5,6,7],""min_bpm"":30.0,""temperature"":2.0,""tempo_bias"":0.15,""uncertain_sigma"":0.4}",27,993,0.6552076156208889,0.6227523525936504,0.7524753438606154,0.8925694031120669,0.8007169876721455,0.9053670590344912,0.7906372966885902,0.6987627956727133,0.8538915396613961
2f_2_6,exhaustive_2f,2,"2,6",99a99862abea8248ce12c6486ece9d222829d4a0d87a1451f542fa7d8536855e,5be2d0f5c6f59da2a378d4c9f53cb7e42ffc45707af8b8a1380bee87e190e748,"{""bar_reward"":0.0,""candidate_threshold"":0.03,""downbeat_agreement_threshold"":0.6,""downbeat_agreement_tolerance"":0.07,""downbeat_mode"":""meter"",""downbeat_temperature"":4.0,""duration_sigma"":0.12,""duration_weight"":4.0,""fallback_maximal_ratio"":1.8,""fallback_minimal_ratio"":0.9,""fps"":50.0,""local_window_seconds"":8.0,""logit_clip"":6.0,""max_bpm"":300.0,""meter_change_penalty"":3.0,""meters"":[2,3,4,5,6,7],""min_bpm"":30.0,""temperature"":2.0,""tempo_bias"":0.15,""uncertain_sigma"":0.4}",27,993,0.6554164710929021,0.6227786947252556,0.7521592382813519,0.8926138904692752,0.8008184041401912,0.9057587807077065,0.7913342214785298,0.6997330491487425,0.8554198966282873
2f_2_7,exhaustive_2f,2,"2,7",70843a30a69a606429c7501bcdc734becdf8d909b206f5ef421c651fb75f66e5,358256fc3791ffc975aa260f0f4dfd7cc25474c3976410fc60aea54abeaae238,"{""bar_reward"":0.0,""candidate_threshold"":0.03,""downbeat_agreement_threshold"":0.6,""downbeat_agreement_tolerance"":0.07,""downbeat_mode"":""meter"",""downbeat_temperature"":4.0,""duration_sigma"":0.15,""duration_weight"":4.0,""fallback_maximal_ratio"":1.8,""fallback_minimal_ratio"":0.9,""fps"":50.0,""local_window_seconds"":8.0,""logit_clip"":6.0,""max_bpm"":300.0,""meter_change_penalty"":3.0,""meters"":[2,3,4,5,6,7],""min_bpm"":30.0,""temperature"":2.0,""tempo_bias"":0.15,""uncertain_sigma"":0.4}",27,993,0.6552076156208889,0.6227523525936504,0.7524753438606154,0.8925694031120669,0.8007169876721455,0.9053670590344912,0.7906372966885902,0.6987627956727133,0.8538915396613961
2f_3_4,exhaustive_2f,2,"3,4",8178e190c878986ab60533dcb2f17871f6b125943ba9905e572163eb9d2aefd3,25b411a7ecc93c5128004b996636c5c5c825f4d6f97d31a087aa3a92cbc2a862,"{""bar_reward"":0.0,""candidate_threshold"":0.03,""downbeat_agreement_threshold"":0.6,""downbeat_agreement_tolerance"":0.07,""downbeat_mode"":""meter"",""downbeat_temperature"":4.0,""duration_sigma"":0.08,""duration_weight"":4.0,""fallback_maximal_ratio"":1.8,""fallback_minimal_ratio"":0.85,""fps"":50.0,""local_window_seconds"":8.0,""logit_clip"":6.0,""max_bpm"":300.0,""meter_change_penalty"":3.0,""meters"":[2,3,4,5,6,7],""min_bpm"":30.0,""temperature"":2.0,""tempo_bias"":0.15,""uncertain_sigma"":0.4}",27,993,0.6596411795673068,0.6290806122566238,0.7551219040293977,0.892546603048219,0.8012715823218094,0.9058939537591308,0.790870034951094,0.7009207987680673,0.8560044365489426
2f_3_5,exhaustive_2f,2,"3,5",5449db395c98788f75d1c9169835e8deeff5c25cc7da68199a488f9e66217a64,4e9ba38be773530116ff8b1598997555fbeacc91f43f1a2be404c31459e18b7a,"{""bar_reward"":0.0,""candidate_threshold"":0.03,""downbeat_agreement_threshold"":0.6,""downbeat_agreement_tolerance"":0.07,""downbeat_mode"":""meter"",""downbeat_temperature"":4.0,""duration_sigma"":0.18,""duration_weight"":4.0,""fallback_maximal_ratio"":1.8,""fallback_minimal_ratio"":0.9,""fps"":50.0,""local_window_seconds"":8.0,""logit_clip"":6.0,""max_bpm"":300.0,""meter_change_penalty"":3.0,""meters"":[2,3,4,5,6,7],""min_bpm"":30.0,""temperature"":2.0,""tempo_bias"":0.15,""uncertain_sigma"":0.4}",27,993,0.6546450277165287,0.6210296997082068,0.7507526909751718,0.8925976401624354,0.8006461752307845,0.9054714449026381,0.7905928568535106,0.6987294741870193,0.8536558156084749
2f_3_6,exhaustive_2f,2,"3,6",02e78e97b3575ed22c4a68dcfc81f511bc3633ac348bf19828f51f4ed80f53aa,673f7dc9aab24d385aa78d96e59613dfdf3d08df31f4868f8e134d82204409b6,"{""bar_reward"":0.0,""candidate_threshold"":0.03,""downbeat_agreement_threshold"":0.6,""downbeat_agreement_tolerance"":0.07,""downbeat_mode"":""meter"",""downbeat_temperature"":4.0,""duration_sigma"":0.08,""duration_weight"":4.0,""fallback_maximal_ratio"":1.8,""fallback_minimal_ratio"":0.9,""fps"":50.0,""local_window_seconds"":8.0,""logit_clip"":6.0,""max_bpm"":300.0,""meter_change_penalty"":3.0,""meters"":[2,3,4,5,6,7],""min_bpm"":30.0,""temperature"":2.0,""tempo_bias"":0.15,""uncertain_sigma"":0.4}",27,993,0.6572348355694944,0.6225886088896204,0.7486299006623943,0.8926536412446233,0.8009726803973013,0.9058942423241504,0.7905949743518375,0.6998978246414014,0.8557394647656604
2f_3_7,exhaustive_2f,2,"3,7",7a6aba9a9710b7cc52f1eba4edef3d1aa0afd518424c40b247cfcac11019a45e,5519094f60e05f3aee778df38f34a857b7c190401a0d393b23d421fa75c5c63a,"{""bar_reward"":0.0,""candidate_threshold"":0.03,""downbeat_agreement_threshold"":0.6,""downbeat_agreement_tolerance"":0.07,""downbeat_mode"":""meter"",""downbeat_temperature"":4.0,""duration_sigma"":0.12,""duration_weight"":4.0,""fallback_maximal_ratio"":1.8,""fallback_minimal_ratio"":0.9,""fps"":50.0,""local_window_seconds"":8.0,""logit_clip"":6.0,""max_bpm"":300.0,""meter_change_penalty"":3.0,""meters"":[2,3,4,5,6,7],""min_bpm"":30.0,""temperature"":2.0,""tempo_bias"":0.15,""uncertain_sigma"":0.1}",27,993,0.6526040074574971,0.6187564363501704,0.7506427027289106,0.8921744285511463,0.7997764512988502,0.9047010746400151,0.7884888123621964,0.6975152891964619,0.8544081561710422
2f_4_5,exhaustive_2f,2,"4,5",5449db395c98788f75d1c9169835e8deeff5c25cc7da68199a488f9e66217a64,4e9ba38be773530116ff8b1598997555fbeacc91f43f1a2be404c31459e18b7a,"{""bar_reward"":0.0,""candidate_threshold"":0.03,""downbeat_agreement_threshold"":0.6,""downbeat_agreement_tolerance"":0.07,""downbeat_mode"":""meter"",""downbeat_temperature"":4.0,""duration_sigma"":0.18,""duration_weight"":4.0,""fallback_maximal_ratio"":1.8,""fallback_minimal_ratio"":0.9,""fps"":50.0,""local_window_seconds"":8.0,""logit_clip"":6.0,""max_bpm"":300.0,""meter_change_penalty"":3.0,""meters"":[2,3,4,5,6,7],""min_bpm"":30.0,""temperature"":2.0,""tempo_bias"":0.15,""uncertain_sigma"":0.4}",27,993,0.6546450277165287,0.6210296997082068,0.7507526909751718,0.8925976401624354,0.8006461752307845,0.9054714449026381,0.7905928568535106,0.6987294741870193,0.8536558156084749
2f_4_6,exhaustive_2f,2,"4,6",c5604f9b5a1cb968d28c2e21cb202ab2c9da28b89eb19f009022a06dbace3ff4,69cd1386ff5460a91f794f8f07ea90751e12725dce4c017d081451cbfaf13ce3,"{""bar_reward"":0.0,""candidate_threshold"":0.03,""downbeat_agreement_threshold"":0.6,""downbeat_agreement_tolerance"":0.07,""downbeat_mode"":""meter"",""downbeat_temperature"":4.0,""duration_sigma"":0.18,""duration_weight"":6.0,""fallback_maximal_ratio"":1.8,""fallback_minimal_ratio"":0.85,""fps"":50.0,""local_window_seconds"":8.0,""logit_clip"":6.0,""max_bpm"":300.0,""meter_change_penalty"":3.0,""meters"":[2,3,4,5,6,7],""min_bpm"":30.0,""temperature"":2.0,""tempo_bias"":0.15,""uncertain_sigma"":0.4}",27,993,0.660203767471667,0.6308032651420674,0.7568445569148413,0.8925583275408108,0.8012434603093944,0.9058549250197107,0.7905756666808949,0.7007529572104976,0.8556946925836094
2f_4_7,exhaustive_2f,2,"4,7",e2069de93ca8cce0012ba616e6cfa21a465e0459854a4cce9c830dff33f8a251,de8e142b9108a1ebcfebbc9da390cfda05da6a0a162b0197f7c42315b4639576,"{""bar_reward"":0.0,""candidate_threshold"":0.03,""downbeat_agreement_threshold"":0.6,""downbeat_agreement_tolerance"":0.07,""downbeat_mode"":""meter"",""downbeat_temperature"":4.0,""duration_sigma"":0.15,""duration_weight"":12.0,""fallback_maximal_ratio"":1.8,""fallback_minimal_ratio"":0.9,""fps"":50.0,""local_window_seconds"":8.0,""logit_clip"":6.0,""max_bpm"":300.0,""meter_change_penalty"":3.0,""meters"":[2,3,4,5,6,7],""min_bpm"":30.0,""temperature"":2.0,""tempo_bias"":0.15,""uncertain_sigma"":0.2}",27,993,0.6530059996560438,0.6185324220132529,0.7518374458591376,0.8922009018868603,0.7996462483620209,0.9044140833307687,0.7885457172997205,0.6982869737528781,0.8543111937427752
2f_5_6,exhaustive_2f,2,"5,6",5449db395c98788f75d1c9169835e8deeff5c25cc7da68199a488f9e66217a64,4e9ba38be773530116ff8b1598997555fbeacc91f43f1a2be404c31459e18b7a,"{""bar_reward"":0.0,""candidate_threshold"":0.03,""downbeat_agreement_threshold"":0.6,""downbeat_agreement_tolerance"":0.07,""downbeat_mode"":""meter"",""downbeat_temperature"":4.0,""duration_sigma"":0.18,""duration_weight"":4.0,""fallback_maximal_ratio"":1.8,""fallback_minimal_ratio"":0.9,""fps"":50.0,""local_window_seconds"":8.0,""logit_clip"":6.0,""max_bpm"":300.0,""meter_change_penalty"":3.0,""meters"":[2,3,4,5,6,7],""min_bpm"":30.0,""temperature"":2.0,""tempo_bias"":0.15,""uncertain_sigma"":0.4}",27,993,0.6546450277165287,0.6210296997082068,0.7507526909751718,0.8925976401624354,0.8006461752307845,0.9054714449026381,0.7905928568535106,0.6987294741870193,0.8536558156084749
2f_5_7,exhaustive_2f,2,"5,7",88936ef9e12e27c5ca919d5ae37462e628a6134dfefea3c7dcf8b4ef7df24ca9,744583df41e43250eacd9d5f391443ab5914baf9b4818785232c3919fad89c63,"{""bar_reward"":0.0,""candidate_threshold"":0.03,""downbeat_agreement_threshold"":0.6,""downbeat_agreement_tolerance"":0.07,""downbeat_mode"":""meter"",""downbeat_temperature"":4.0,""duration_sigma"":0.15,""duration_weight"":4.0,""fallback_maximal_ratio"":1.8,""fallback_minimal_ratio"":1.0,""fps"":50.0,""local_window_seconds"":8.0,""logit_clip"":6.0,""max_bpm"":300.0,""meter_change_penalty"":3.0,""meters"":[2,3,4,5,6,7],""min_bpm"":30.0,""temperature"":2.0,""tempo_bias"":0.15,""uncertain_sigma"":0.4}",27,993,0.6510471153680889,0.6093746959817646,0.735918363722578,0.8924324112336117,0.7992454445587153,0.9037437395902485,0.7893988812160039,0.6955758095449138,0.8514008098545426
2f_6_7,exhaustive_2f,2,"6,7",107118148c1b1acced3662a494a4ae9524e458ca4615e0179c1d8fe4e57447af,7e083ba383e5677e275aa1395fa9f61188cda7b993f56886b3f853a850c099de,"{""bar_reward"":0.0,""candidate_threshold"":0.03,""downbeat_agreement_threshold"":0.6,""downbeat_agreement_tolerance"":0.07,""downbeat_mode"":""meter"",""downbeat_temperature"":4.0,""duration_sigma"":0.18,""duration_weight"":6.0,""fallback_maximal_ratio"":1.8,""fallback_minimal_ratio"":0.85,""fps"":50.0,""local_window_seconds"":8.0,""logit_clip"":6.0,""max_bpm"":300.0,""meter_change_penalty"":3.0,""meters"":[2,3,4,5,6,7],""min_bpm"":30.0,""temperature"":2.0,""tempo_bias"":0.15,""uncertain_sigma"":0.3}",27,993,0.6565362570515764,0.6339394620066885,0.753973703150458,0.8925423561910024,0.8011973169025173,0.9062839564026605,0.7898324339880441,0.6982891995935318,0.8539450381194618
4f_1_2_3_4,exhaustive_4f,4,"1,2,3,4",251c96b23223b2e4ddef7f4ab85592663a1c27fcd6d62b1a5d1ef5625ed01f71,2073469055e486de2f8af10a41fae09cdded01a8f4dd2d8a68eb4d84d8f6baed,"{""bar_reward"":0.0,""candidate_threshold"":0.03,""downbeat_agreement_threshold"":0.6,""downbeat_agreement_tolerance"":0.07,""downbeat_mode"":""meter"",""downbeat_temperature"":4.0,""duration_sigma"":0.12,""duration_weight"":4.0,""fallback_maximal_ratio"":1.8,""fallback_minimal_ratio"":0.85,""fps"":50.0,""local_window_seconds"":8.0,""logit_clip"":6.0,""max_bpm"":300.0,""meter_change_penalty"":3.0,""meters"":[2,3,4,5,6,7],""min_bpm"":30.0,""temperature"":2.0,""tempo_bias"":0.15,""uncertain_sigma"":0.4}",27,993,0.6578228150907145,0.6292706980922589,0.7586512416483553,0.8927303858590241,0.8016974081187908,0.9060563476032303,0.7915986455242192,0.7010246312479439,0.8560025202510195
4f_1_2_3_5,exhaustive_4f,4,"1,2,3,5",70843a30a69a606429c7501bcdc734becdf8d909b206f5ef421c651fb75f66e5,358256fc3791ffc975aa260f0f4dfd7cc25474c3976410fc60aea54abeaae238,"{""bar_reward"":0.0,""candidate_threshold"":0.03,""downbeat_agreement_threshold"":0.6,""downbeat_agreement_tolerance"":0.07,""downbeat_mode"":""meter"",""downbeat_temperature"":4.0,""duration_sigma"":0.15,""duration_weight"":4.0,""fallback_maximal_ratio"":1.8,""fallback_minimal_ratio"":0.9,""fps"":50.0,""local_window_seconds"":8.0,""logit_clip"":6.0,""max_bpm"":300.0,""meter_change_penalty"":3.0,""meters"":[2,3,4,5,6,7],""min_bpm"":30.0,""temperature"":2.0,""tempo_bias"":0.15,""uncertain_sigma"":0.4}",27,993,0.6552076156208889,0.6227523525936504,0.7524753438606154,0.8925694031120669,0.8007169876721455,0.9053670590344912,0.7906372966885902,0.6987627956727133,0.8538915396613961
4f_1_2_3_6,exhaustive_4f,4,"1,2,3,6",99a99862abea8248ce12c6486ece9d222829d4a0d87a1451f542fa7d8536855e,5be2d0f5c6f59da2a378d4c9f53cb7e42ffc45707af8b8a1380bee87e190e748,"{""bar_reward"":0.0,""candidate_threshold"":0.03,""downbeat_agreement_threshold"":0.6,""downbeat_agreement_tolerance"":0.07,""downbeat_mode"":""meter"",""downbeat_temperature"":4.0,""duration_sigma"":0.12,""duration_weight"":4.0,""fallback_maximal_ratio"":1.8,""fallback_minimal_ratio"":0.9,""fps"":50.0,""local_window_seconds"":8.0,""logit_clip"":6.0,""max_bpm"":300.0,""meter_change_penalty"":3.0,""meters"":[2,3,4,5,6,7],""min_bpm"":30.0,""temperature"":2.0,""tempo_bias"":0.15,""uncertain_sigma"":0.4}",27,993,0.6554164710929021,0.6227786947252556,0.7521592382813519,0.8926138904692752,0.8008184041401912,0.9057587807077065,0.7913342214785298,0.6997330491487425,0.8554198966282873
4f_1_2_3_7,exhaustive_4f,4,"1,2,3,7",251c96b23223b2e4ddef7f4ab85592663a1c27fcd6d62b1a5d1ef5625ed01f71,2073469055e486de2f8af10a41fae09cdded01a8f4dd2d8a68eb4d84d8f6baed,"{""bar_reward"":0.0,""candidate_threshold"":0.03,""downbeat_agreement_threshold"":0.6,""downbeat_agreement_tolerance"":0.07,""downbeat_mode"":""meter"",""downbeat_temperature"":4.0,""duration_sigma"":0.12,""duration_weight"":4.0,""fallback_maximal_ratio"":1.8,""fallback_minimal_ratio"":0.85,""fps"":50.0,""local_window_seconds"":8.0,""logit_clip"":6.0,""max_bpm"":300.0,""meter_change_penalty"":3.0,""meters"":[2,3,4,5,6,7],""min_bpm"":30.0,""temperature"":2.0,""tempo_bias"":0.15,""uncertain_sigma"":0.4}",27,993,0.6578228150907145,0.6292706980922589,0.7586512416483553,0.8927303858590241,0.8016974081187908,0.9060563476032303,0.7915986455242192,0.7010246312479439,0.8560025202510195
4f_1_2_4_5,exhaustive_4f,4,"1,2,4,5",93f40ad87602ae68d84c6d1d72e307c27a67cc94d2b508f619f3376df08ae7de,c3311ff6a0bfa0d0344838fdc923b7627ccbe32332a2fb9f17664c2804eca22a,"{""bar_reward"":0.0,""candidate_threshold"":0.03,""downbeat_agreement_threshold"":0.6,""downbeat_agreement_tolerance"":0.07,""downbeat_mode"":""meter"",""downbeat_temperature"":4.0,""duration_sigma"":0.15,""duration_weight"":4.0,""fallback_maximal_ratio"":1.8,""fallback_minimal_ratio"":0.85,""fps"":50.0,""local_window_seconds"":8.0,""logit_clip"":6.0,""max_bpm"":300.0,""meter_change_penalty"":3.0,""meters"":[2,3,4,5,6,7],""min_bpm"":30.0,""temperature"":2.0,""tempo_bias"":0.15,""uncertain_sigma"":0.4}",27,993,0.6576139596187013,0.6292443559606538,0.7589673472276188,0.8926876534910437,0.8018783250478511,0.9066984033218329,0.7908900869895549,0.7009166387201801,0.8543926402418801
4f_1_2_4_6,exhaustive_4f,4,"1,2,4,6",93f40ad87602ae68d84c6d1d72e307c27a67cc94d2b508f619f3376df08ae7de,c3311ff6a0bfa0d0344838fdc923b7627ccbe32332a2fb9f17664c2804eca22a,"{""bar_reward"":0.0,""candidate_threshold"":0.03,""downbeat_agreement_threshold"":0.6,""downbeat_agreement_tolerance"":0.07,""downbeat_mode"":""meter"",""downbeat_temperature"":4.0,""duration_sigma"":0.15,""duration_weight"":4.0,""fallback_maximal_ratio"":1.8,""fallback_minimal_ratio"":0.85,""fps"":50.0,""local_window_seconds"":8.0,""logit_clip"":6.0,""max_bpm"":300.0,""meter_change_penalty"":3.0,""meters"":[2,3,4,5,6,7],""min_bpm"":30.0,""temperature"":2.0,""tempo_bias"":0.15,""uncertain_sigma"":0.4}",27,993,0.6576139596187013,0.6292443559606538,0.7589673472276188,0.8926876534910437,0.8018783250478511,0.9066984033218329,0.7908900869895549,0.7009166387201801,0.8543926402418801
4f_1_2_4_7,exhaustive_4f,4,"1,2,4,7",b7b84e5dac4f1104b8bcfbde183e511b6587341f422ef4fc62519f7d1fdd4b92,208fa44525b94fbd1beeec3b12f42516a4c0e0522802dc09ca4e9b464468de49,"{""bar_reward"":0.0,""candidate_threshold"":0.03,""downbeat_agreement_threshold"":0.6,""downbeat_agreement_tolerance"":0.07,""downbeat_mode"":""meter"",""downbeat_temperature"":4.0,""duration_sigma"":0.12,""duration_weight"":4.0,""fallback_maximal_ratio"":1.8,""fallback_minimal_ratio"":0.85,""fps"":50.0,""local_window_seconds"":8.0,""logit_clip"":6.0,""max_bpm"":300.0,""meter_change_penalty"":3.0,""meters"":[2,3,4,5,6,7],""min_bpm"":30.0,""temperature"":2.0,""tempo_bias"":0.15,""uncertain_sigma"":0.3}",27,993,0.6575466402677463,0.6335158092708197,0.7509602858163552,0.892544005023942,0.8012857451510769,0.90584628076661,0.7908003194058556,0.6994430112582588,0.8543956972000917
4f_1_2_5_6,exhaustive_4f,4,"1,2,5,6",70843a30a69a606429c7501bcdc734becdf8d909b206f5ef421c651fb75f66e5,358256fc3791ffc975aa260f0f4dfd7cc25474c3976410fc60aea54abeaae238,"{""bar_reward"":0.0,""candidate_threshold"":0.03,""downbeat_agreement_threshold"":0.6,""downbeat_agreement_tolerance"":0.07,""downbeat_mode"":""meter"",""downbeat_temperature"":4.0,""duration_sigma"":0.15,""duration_weight"":4.0,""fallback_maximal_ratio"":1.8,""fallback_minimal_ratio"":0.9,""fps"":50.0,""local_window_seconds"":8.0,""logit_clip"":6.0,""max_bpm"":300.0,""meter_change_penalty"":3.0,""meters"":[2,3,4,5,6,7],""min_bpm"":30.0,""temperature"":2.0,""tempo_bias"":0.15,""uncertain_sigma"":0.4}",27,993,0.6552076156208889,0.6227523525936504,0.7524753438606154,0.8925694031120669,0.8007169876721455,0.9053670590344912,0.7906372966885902,0.6987627956727133,0.8538915396613961
4f_1_2_5_7,exhaustive_4f,4,"1,2,5,7",70843a30a69a606429c7501bcdc734becdf8d909b206f5ef421c651fb75f66e5,358256fc3791ffc975aa260f0f4dfd7cc25474c3976410fc60aea54abeaae238,"{""bar_reward"":0.0,""candidate_threshold"":0.03,""downbeat_agreement_threshold"":0.6,""downbeat_agreement_tolerance"":0.07,""downbeat_mode"":""meter"",""downbeat_temperature"":4.0,""duration_sigma"":0.15,""duration_weight"":4.0,""fallback_maximal_ratio"":1.8,""fallback_minimal_ratio"":0.9,""fps"":50.0,""local_window_seconds"":8.0,""logit_clip"":6.0,""max_bpm"":300.0,""meter_change_penalty"":3.0,""meters"":[2,3,4,5,6,7],""min_bpm"":30.0,""temperature"":2.0,""tempo_bias"":0.15,""uncertain_sigma"":0.4}",27,993,0.6552076156208889,0.6227523525936504,0.7524753438606154,0.8925694031120669,0.8007169876721455,0.9053670590344912,0.7906372966885902,0.6987627956727133,0.8538915396613961
4f_1_2_6_7,exhaustive_4f,4,"1,2,6,7",251c96b23223b2e4ddef7f4ab85592663a1c27fcd6d62b1a5d1ef5625ed01f71,2073469055e486de2f8af10a41fae09cdded01a8f4dd2d8a68eb4d84d8f6baed,"{""bar_reward"":0.0,""candidate_threshold"":0.03,""downbeat_agreement_threshold"":0.6,""downbeat_agreement_tolerance"":0.07,""downbeat_mode"":""meter"",""downbeat_temperature"":4.0,""duration_sigma"":0.12,""duration_weight"":4.0,""fallback_maximal_ratio"":1.8,""fallback_minimal_ratio"":0.85,""fps"":50.0,""local_window_seconds"":8.0,""logit_clip"":6.0,""max_bpm"":300.0,""meter_change_penalty"":3.0,""meters"":[2,3,4,5,6,7],""min_bpm"":30.0,""temperature"":2.0,""tempo_bias"":0.15,""uncertain_sigma"":0.4}",27,993,0.6578228150907145,0.6292706980922589,0.7586512416483553,0.8927303858590241,0.8016974081187908,0.9060563476032303,0.7915986455242192,0.7010246312479439,0.8560025202510195
4f_1_3_4_5,exhaustive_4f,4,"1,3,4,5",93f40ad87602ae68d84c6d1d72e307c27a67cc94d2b508f619f3376df08ae7de,c3311ff6a0bfa0d0344838fdc923b7627ccbe32332a2fb9f17664c2804eca22a,"{""bar_reward"":0.0,""candidate_threshold"":0.03,""downbeat_agreement_threshold"":0.6,""downbeat_agreement_tolerance"":0.07,""downbeat_mode"":""meter"",""downbeat_temperature"":4.0,""duration_sigma"":0.15,""duration_weight"":4.0,""fallback_maximal_ratio"":1.8,""fallback_minimal_ratio"":0.85,""fps"":50.0,""local_window_seconds"":8.0,""logit_clip"":6.0,""max_bpm"":300.0,""meter_change_penalty"":3.0,""meters"":[2,3,4,5,6,7],""min_bpm"":30.0,""temperature"":2.0,""tempo_bias"":0.15,""uncertain_sigma"":0.4}",27,993,0.6576139596187013,0.6292443559606538,0.7589673472276188,0.8926876534910437,0.8018783250478511,0.9066984033218329,0.7908900869895549,0.7009166387201801,0.8543926402418801
4f_1_3_4_6,exhaustive_4f,4,"1,3,4,6",d28a24d9ef5e8c97ba73ec5991d45021b1022f67c2d4183c7f718dbaf2eb1f73,d0ed05c63db80268a7461a3dafc749584859a654e4a268777bcb54a3d278f412,"{""bar_reward"":0.0,""candidate_threshold"":0.03,""downbeat_agreement_threshold"":0.6,""downbeat_agreement_tolerance"":0.07,""downbeat_mode"":""meter"",""downbeat_temperature"":4.0,""duration_sigma"":0.08,""duration_weight"":4.0,""fallback_maximal_ratio"":1.8,""fallback_minimal_ratio"":0.8,""fps"":50.0,""local_window_seconds"":8.0,""logit_clip"":6.0,""max_bpm"":300.0,""meter_change_penalty"":3.0,""meters"":[2,3,4,5,6,7],""min_bpm"":30.0,""temperature"":2.0,""tempo_bias"":0.15,""uncertain_sigma"":0.4}",27,993,0.6615450915113793,0.637357652399492,0.7538524613286932,0.892467864275587,0.8025646404725033,0.9062771878187426,0.7906347398307151,0.7014909272334626,0.855503598384459
4f_1_3_4_7,exhaustive_4f,4,"1,3,4,7",252f7adc4993a27ce00bdc1dad7e2b3f27228ec9dc04b8980d8c60817d32a6e4,c7c810f48e59b3ec70d519087706ab5c38f4152cc186018061a79ea33df16adf,"{""bar_reward"":0.0,""candidate_threshold"":0.03,""downbeat_agreement_threshold"":0.6,""downbeat_agreement_tolerance"":0.07,""downbeat_mode"":""meter"",""downbeat_temperature"":4.0,""duration_sigma"":0.18,""duration_weight"":4.0,""fallback_maximal_ratio"":1.8,""fallback_minimal_ratio"":0.8,""fps"":50.0,""local_window_seconds"":8.0,""logit_clip"":6.0,""max_bpm"":300.0,""meter_change_penalty"":3.0,""meters"":[2,3,4,5,6,7],""min_bpm"":30.0,""temperature"":2.0,""tempo_bias"":0.15,""uncertain_sigma"":0.2}",27,993,0.6565362570515764,0.6339394620066885,0.753973703150458,0.8921936514149004,0.8019518302896365,0.905748524218409,0.7901501328761917,0.7004730523653238,0.8548649132380642
4f_1_3_5_6,exhaustive_4f,4,"1,3,5,6",70843a30a69a606429c7501bcdc734becdf8d909b206f5ef421c651fb75f66e5,358256fc3791ffc975aa260f0f4dfd7cc25474c3976410fc60aea54abeaae238,"{""bar_reward"":0.0,""candidate_threshold"":0.03,""downbeat_agreement_threshold"":0.6,""downbeat_agreement_tolerance"":0.07,""downbeat_mode"":""meter"",""downbeat_temperature"":4.0,""duration_sigma"":0.15,""duration_weight"":4.0,""fallback_maximal_ratio"":1.8,""fallback_minimal_ratio"":0.9,""fps"":50.0,""local_window_seconds"":8.0,""logit_clip"":6.0,""max_bpm"":300.0,""meter_change_penalty"":3.0,""meters"":[2,3,4,5,6,7],""min_bpm"":30.0,""temperature"":2.0,""tempo_bias"":0.15,""uncertain_sigma"":0.4}",27,993,0.6552076156208889,0.6227523525936504,0.7524753438606154,0.8925694031120669,0.8007169876721455,0.9053670590344912,0.7906372966885902,0.6987627956727133,0.8538915396613961
4f_1_3_5_7,exhaustive_4f,4,"1,3,5,7",70843a30a69a606429c7501bcdc734becdf8d909b206f5ef421c651fb75f66e5,358256fc3791ffc975aa260f0f4dfd7cc25474c3976410fc60aea54abeaae238,"{""bar_reward"":0.0,""candidate_threshold"":0.03,""downbeat_agreement_threshold"":0.6,""downbeat_agreement_tolerance"":0.07,""downbeat_mode"":""meter"",""downbeat_temperature"":4.0,""duration_sigma"":0.15,""duration_weight"":4.0,""fallback_maximal_ratio"":1.8,""fallback_minimal_ratio"":0.9,""fps"":50.0,""local_window_seconds"":8.0,""logit_clip"":6.0,""max_bpm"":300.0,""meter_change_penalty"":3.0,""meters"":[2,3,4,5,6,7],""min_bpm"":30.0,""temperature"":2.0,""tempo_bias"":0.15,""uncertain_sigma"":0.4}",27,993,0.6552076156208889,0.6227523525936504,0.7524753438606154,0.8925694031120669,0.8007169876721455,0.9053670590344912,0.7906372966885902,0.6987627956727133,0.8538915396613961
4f_1_3_6_7,exhaustive_4f,4,"1,3,6,7",8178e190c878986ab60533dcb2f17871f6b125943ba9905e572163eb9d2aefd3,25b411a7ecc93c5128004b996636c5c5c825f4d6f97d31a087aa3a92cbc2a862,"{""bar_reward"":0.0,""candidate_threshold"":0.03,""downbeat_agreement_threshold"":0.6,""downbeat_agreement_tolerance"":0.07,""downbeat_mode"":""meter"",""downbeat_temperature"":4.0,""duration_sigma"":0.08,""duration_weight"":4.0,""fallback_maximal_ratio"":1.8,""fallback_minimal_ratio"":0.85,""fps"":50.0,""local_window_seconds"":8.0,""logit_clip"":6.0,""max_bpm"":300.0,""meter_change_penalty"":3.0,""meters"":[2,3,4,5,6,7],""min_bpm"":30.0,""temperature"":2.0,""tempo_bias"":0.15,""uncertain_sigma"":0.4}",27,993,0.6596411795673068,0.6290806122566238,0.7551219040293977,0.892546603048219,0.8012715823218094,0.9058939537591308,0.790870034951094,0.7009207987680673,0.8560044365489426
4f_1_4_5_6,exhaustive_4f,4,"1,4,5,6",f5d30ffcfb9ba054e4c9f5495b055ed41b21bda8e5033f95c1133bce1c90370c,a2e8fc48d599c883382c925ddedfd314d05386a214565e1631ba704873169bda,"{""bar_reward"":0.0,""candidate_threshold"":0.03,""downbeat_agreement_threshold"":0.6,""downbeat_agreement_tolerance"":0.07,""downbeat_mode"":""meter"",""downbeat_temperature"":4.0,""duration_sigma"":0.15,""duration_weight"":4.0,""fallback_maximal_ratio"":1.8,""fallback_minimal_ratio"":0.8,""fps"":50.0,""local_window_seconds"":8.0,""logit_clip"":6.0,""max_bpm"":300.0,""meter_change_penalty"":3.0,""meters"":[2,3,4,5,6,7],""min_bpm"":30.0,""temperature"":2.0,""tempo_bias"":0.15,""uncertain_sigma"":0.4}",27,993,0.6597848051630407,0.6378206852917001,0.7579971937150923,0.8925273800838784,0.8019740909193337,0.9057849881279361,0.7900107058067204,0.6996791402520672,0.853666157190502
4f_1_4_5_7,exhaustive_4f,4,"1,4,5,7",93f40ad87602ae68d84c6d1d72e307c27a67cc94d2b508f619f3376df08ae7de,c3311ff6a0bfa0d0344838fdc923b7627ccbe32332a2fb9f17664c2804eca22a,"{""bar_reward"":0.0,""candidate_threshold"":0.03,""downbeat_agreement_threshold"":0.6,""downbeat_agreement_tolerance"":0.07,""downbeat_mode"":""meter"",""downbeat_temperature"":4.0,""duration_sigma"":0.15,""duration_weight"":4.0,""fallback_maximal_ratio"":1.8,""fallback_minimal_ratio"":0.85,""fps"":50.0,""local_window_seconds"":8.0,""logit_clip"":6.0,""max_bpm"":300.0,""meter_change_penalty"":3.0,""meters"":[2,3,4,5,6,7],""min_bpm"":30.0,""temperature"":2.0,""tempo_bias"":0.15,""uncertain_sigma"":0.4}",27,993,0.6576139596187013,0.6292443559606538,0.7589673472276188,0.8926876534910437,0.8018783250478511,0.9066984033218329,0.7908900869895549,0.7009166387201801,0.8543926402418801
4f_1_4_6_7,exhaustive_4f,4,"1,4,6,7",c5604f9b5a1cb968d28c2e21cb202ab2c9da28b89eb19f009022a06dbace3ff4,69cd1386ff5460a91f794f8f07ea90751e12725dce4c017d081451cbfaf13ce3,"{""bar_reward"":0.0,""candidate_threshold"":0.03,""downbeat_agreement_threshold"":0.6,""downbeat_agreement_tolerance"":0.07,""downbeat_mode"":""meter"",""downbeat_temperature"":4.0,""duration_sigma"":0.18,""duration_weight"":6.0,""fallback_maximal_ratio"":1.8,""fallback_minimal_ratio"":0.85,""fps"":50.0,""local_window_seconds"":8.0,""logit_clip"":6.0,""max_bpm"":300.0,""meter_change_penalty"":3.0,""meters"":[2,3,4,5,6,7],""min_bpm"":30.0,""temperature"":2.0,""tempo_bias"":0.15,""uncertain_sigma"":0.4}",27,993,0.660203767471667,0.6308032651420674,0.7568445569148413,0.8925583275408108,0.8012434603093944,0.9058549250197107,0.7905756666808949,0.7007529572104976,0.8556946925836094
4f_1_5_6_7,exhaustive_4f,4,"1,5,6,7",70843a30a69a606429c7501bcdc734becdf8d909b206f5ef421c651fb75f66e5,358256fc3791ffc975aa260f0f4dfd7cc25474c3976410fc60aea54abeaae238,"{""bar_reward"":0.0,""candidate_threshold"":0.03,""downbeat_agreement_threshold"":0.6,""downbeat_agreement_tolerance"":0.07,""downbeat_mode"":""meter"",""downbeat_temperature"":4.0,""duration_sigma"":0.15,""duration_weight"":4.0,""fallback_maximal_ratio"":1.8,""fallback_minimal_ratio"":0.9,""fps"":50.0,""local_window_seconds"":8.0,""logit_clip"":6.0,""max_bpm"":300.0,""meter_change_penalty"":3.0,""meters"":[2,3,4,5,6,7],""min_bpm"":30.0,""temperature"":2.0,""tempo_bias"":0.15,""uncertain_sigma"":0.4}",27,993,0.6552076156208889,0.6227523525936504,0.7524753438606154,0.8925694031120669,0.8007169876721455,0.9053670590344912,0.7906372966885902,0.6987627956727133,0.8538915396613961
4f_2_3_4_5,exhaustive_4f,4,"2,3,4,5",70843a30a69a606429c7501bcdc734becdf8d909b206f5ef421c651fb75f66e5,358256fc3791ffc975aa260f0f4dfd7cc25474c3976410fc60aea54abeaae238,"{""bar_reward"":0.0,""candidate_threshold"":0.03,""downbeat_agreement_threshold"":0.6,""downbeat_agreement_tolerance"":0.07,""downbeat_mode"":""meter"",""downbeat_temperature"":4.0,""duration_sigma"":0.15,""duration_weight"":4.0,""fallback_maximal_ratio"":1.8,""fallback_minimal_ratio"":0.9,""fps"":50.0,""local_window_seconds"":8.0,""logit_clip"":6.0,""max_bpm"":300.0,""meter_change_penalty"":3.0,""meters"":[2,3,4,5,6,7],""min_bpm"":30.0,""temperature"":2.0,""tempo_bias"":0.15,""uncertain_sigma"":0.4}",27,993,0.6552076156208889,0.6227523525936504,0.7524753438606154,0.8925694031120669,0.8007169876721455,0.9053670590344912,0.7906372966885902,0.6987627956727133,0.8538915396613961
4f_2_3_4_6,exhaustive_4f,4,"2,3,4,6",8178e190c878986ab60533dcb2f17871f6b125943ba9905e572163eb9d2aefd3,25b411a7ecc93c5128004b996636c5c5c825f4d6f97d31a087aa3a92cbc2a862,"{""bar_reward"":0.0,""candidate_threshold"":0.03,""downbeat_agreement_threshold"":0.6,""downbeat_agreement_tolerance"":0.07,""downbeat_mode"":""meter"",""downbeat_temperature"":4.0,""duration_sigma"":0.08,""duration_weight"":4.0,""fallback_maximal_ratio"":1.8,""fallback_minimal_ratio"":0.85,""fps"":50.0,""local_window_seconds"":8.0,""logit_clip"":6.0,""max_bpm"":300.0,""meter_change_penalty"":3.0,""meters"":[2,3,4,5,6,7],""min_bpm"":30.0,""temperature"":2.0,""tempo_bias"":0.15,""uncertain_sigma"":0.4}",27,993,0.6596411795673068,0.6290806122566238,0.7551219040293977,0.892546603048219,0.8012715823218094,0.9058939537591308,0.790870034951094,0.7009207987680673,0.8560044365489426
4f_2_3_4_7,exhaustive_4f,4,"2,3,4,7",8178e190c878986ab60533dcb2f17871f6b125943ba9905e572163eb9d2aefd3,25b411a7ecc93c5128004b996636c5c5c825f4d6f97d31a087aa3a92cbc2a862,"{""bar_reward"":0.0,""candidate_threshold"":0.03,""downbeat_agreement_threshold"":0.6,""downbeat_agreement_tolerance"":0.07,""downbeat_mode"":""meter"",""downbeat_temperature"":4.0,""duration_sigma"":0.08,""duration_weight"":4.0,""fallback_maximal_ratio"":1.8,""fallback_minimal_ratio"":0.85,""fps"":50.0,""local_window_seconds"":8.0,""logit_clip"":6.0,""max_bpm"":300.0,""meter_change_penalty"":3.0,""meters"":[2,3,4,5,6,7],""min_bpm"":30.0,""temperature"":2.0,""tempo_bias"":0.15,""uncertain_sigma"":0.4}",27,993,0.6596411795673068,0.6290806122566238,0.7551219040293977,0.892546603048219,0.8012715823218094,0.9058939537591308,0.790870034951094,0.7009207987680673,0.8560044365489426
4f_2_3_5_6,exhaustive_4f,4,"2,3,5,6",5449db395c98788f75d1c9169835e8deeff5c25cc7da68199a488f9e66217a64,4e9ba38be773530116ff8b1598997555fbeacc91f43f1a2be404c31459e18b7a,"{""bar_reward"":0.0,""candidate_threshold"":0.03,""downbeat_agreement_threshold"":0.6,""downbeat_agreement_tolerance"":0.07,""downbeat_mode"":""meter"",""downbeat_temperature"":4.0,""duration_sigma"":0.18,""duration_weight"":4.0,""fallback_maximal_ratio"":1.8,""fallback_minimal_ratio"":0.9,""fps"":50.0,""local_window_seconds"":8.0,""logit_clip"":6.0,""max_bpm"":300.0,""meter_change_penalty"":3.0,""meters"":[2,3,4,5,6,7],""min_bpm"":30.0,""temperature"":2.0,""tempo_bias"":0.15,""uncertain_sigma"":0.4}",27,993,0.6546450277165287,0.6210296997082068,0.7507526909751718,0.8925976401624354,0.8006461752307845,0.9054714449026381,0.7905928568535106,0.6987294741870193,0.8536558156084749
4f_2_3_5_7,exhaustive_4f,4,"2,3,5,7",70843a30a69a606429c7501bcdc734becdf8d909b206f5ef421c651fb75f66e5,358256fc3791ffc975aa260f0f4dfd7cc25474c3976410fc60aea54abeaae238,"{""bar_reward"":0.0,""candidate_threshold"":0.03,""downbeat_agreement_threshold"":0.6,""downbeat_agreement_tolerance"":0.07,""downbeat_mode"":""meter"",""downbeat_temperature"":4.0,""duration_sigma"":0.15,""duration_weight"":4.0,""fallback_maximal_ratio"":1.8,""fallback_minimal_ratio"":0.9,""fps"":50.0,""local_window_seconds"":8.0,""logit_clip"":6.0,""max_bpm"":300.0,""meter_change_penalty"":3.0,""meters"":[2,3,4,5,6,7],""min_bpm"":30.0,""temperature"":2.0,""tempo_bias"":0.15,""uncertain_sigma"":0.4}",27,993,0.6552076156208889,0.6227523525936504,0.7524753438606154,0.8925694031120669,0.8007169876721455,0.9053670590344912,0.7906372966885902,0.6987627956727133,0.8538915396613961
4f_2_3_6_7,exhaustive_4f,4,"2,3,6,7",251c96b23223b2e4ddef7f4ab85592663a1c27fcd6d62b1a5d1ef5625ed01f71,2073469055e486de2f8af10a41fae09cdded01a8f4dd2d8a68eb4d84d8f6baed,"{""bar_reward"":0.0,""candidate_threshold"":0.03,""downbeat_agreement_threshold"":0.6,""downbeat_agreement_tolerance"":0.07,""downbeat_mode"":""meter"",""downbeat_temperature"":4.0,""duration_sigma"":0.12,""duration_weight"":4.0,""fallback_maximal_ratio"":1.8,""fallback_minimal_ratio"":0.85,""fps"":50.0,""local_window_seconds"":8.0,""logit_clip"":6.0,""max_bpm"":300.0,""meter_change_penalty"":3.0,""meters"":[2,3,4,5,6,7],""min_bpm"":30.0,""temperature"":2.0,""tempo_bias"":0.15,""uncertain_sigma"":0.4}",27,993,0.6578228150907145,0.6292706980922589,0.7586512416483553,0.8927303858590241,0.8016974081187908,0.9060563476032303,0.7915986455242192,0.7010246312479439,0.8560025202510195
4f_2_4_5_6,exhaustive_4f,4,"2,4,5,6",5449db395c98788f75d1c9169835e8deeff5c25cc7da68199a488f9e66217a64,4e9ba38be773530116ff8b1598997555fbeacc91f43f1a2be404c31459e18b7a,"{""bar_reward"":0.0,""candidate_threshold"":0.03,""downbeat_agreement_threshold"":0.6,""downbeat_agreement_tolerance"":0.07,""downbeat_mode"":""meter"",""downbeat_temperature"":4.0,""duration_sigma"":0.18,""duration_weight"":4.0,""fallback_maximal_ratio"":1.8,""fallback_minimal_ratio"":0.9,""fps"":50.0,""local_window_seconds"":8.0,""logit_clip"":6.0,""max_bpm"":300.0,""meter_change_penalty"":3.0,""meters"":[2,3,4,5,6,7],""min_bpm"":30.0,""temperature"":2.0,""tempo_bias"":0.15,""uncertain_sigma"":0.4}",27,993,0.6546450277165287,0.6210296997082068,0.7507526909751718,0.8925976401624354,0.8006461752307845,0.9054714449026381,0.7905928568535106,0.6987294741870193,0.8536558156084749
4f_2_4_5_7,exhaustive_4f,4,"2,4,5,7",70843a30a69a606429c7501bcdc734becdf8d909b206f5ef421c651fb75f66e5,358256fc3791ffc975aa260f0f4dfd7cc25474c3976410fc60aea54abeaae238,"{""bar_reward"":0.0,""candidate_threshold"":0.03,""downbeat_agreement_threshold"":0.6,""downbeat_agreement_tolerance"":0.07,""downbeat_mode"":""meter"",""downbeat_temperature"":4.0,""duration_sigma"":0.15,""duration_weight"":4.0,""fallback_maximal_ratio"":1.8,""fallback_minimal_ratio"":0.9,""fps"":50.0,""local_window_seconds"":8.0,""logit_clip"":6.0,""max_bpm"":300.0,""meter_change_penalty"":3.0,""meters"":[2,3,4,5,6,7],""min_bpm"":30.0,""temperature"":2.0,""tempo_bias"":0.15,""uncertain_sigma"":0.4}",27,993,0.6552076156208889,0.6227523525936504,0.7524753438606154,0.8925694031120669,0.8007169876721455,0.9053670590344912,0.7906372966885902,0.6987627956727133,0.8538915396613961
4f_2_4_6_7,exhaustive_4f,4,"2,4,6,7",b8b42390ad658a4e8c52cf8c64d4156a5244974a78a09c35773489ffacc5db4e,4a7f3b1f8537a4931edb762098026a07520062001c11b3f52a8c773a75b637ce,"{""bar_reward"":0.0,""candidate_threshold"":0.03,""downbeat_agreement_threshold"":0.6,""downbeat_agreement_tolerance"":0.07,""downbeat_mode"":""meter"",""downbeat_temperature"":4.0,""duration_sigma"":0.12,""duration_weight"":4.0,""fallback_maximal_ratio"":1.8,""fallback_minimal_ratio"":0.9,""fps"":50.0,""local_window_seconds"":8.0,""logit_clip"":6.0,""max_bpm"":300.0,""meter_change_penalty"":3.0,""meters"":[2,3,4,5,6,7],""min_bpm"":30.0,""temperature"":2.0,""tempo_bias"":0.15,""uncertain_sigma"":0.3}",27,993,0.6558604985080102,0.6222792727958707,0.7492702321849788,0.8927870491430747,0.801173216509344,0.9062739543106546,0.7908151416630675,0.6994145663122406,0.8552017214375798
4f_2_5_6_7,exhaustive_4f,4,"2,5,6,7",70843a30a69a606429c7501bcdc734becdf8d909b206f5ef421c651fb75f66e5,358256fc3791ffc975aa260f0f4dfd7cc25474c3976410fc60aea54abeaae238,"{""bar_reward"":0.0,""candidate_threshold"":0.03,""downbeat_agreement_threshold"":0.6,""downbeat_agreement_tolerance"":0.07,""downbeat_mode"":""meter"",""downbeat_temperature"":4.0,""duration_sigma"":0.15,""duration_weight"":4.0,""fallback_maximal_ratio"":1.8,""fallback_minimal_ratio"":0.9,""fps"":50.0,""local_window_seconds"":8.0,""logit_clip"":6.0,""max_bpm"":300.0,""meter_change_penalty"":3.0,""meters"":[2,3,4,5,6,7],""min_bpm"":30.0,""temperature"":2.0,""tempo_bias"":0.15,""uncertain_sigma"":0.4}",27,993,0.6552076156208889,0.6227523525936504,0.7524753438606154,0.8925694031120669,0.8007169876721455,0.9053670590344912,0.7906372966885902,0.6987627956727133,0.8538915396613961
4f_3_4_5_6,exhaustive_4f,4,"3,4,5,6",5449db395c98788f75d1c9169835e8deeff5c25cc7da68199a488f9e66217a64,4e9ba38be773530116ff8b1598997555fbeacc91f43f1a2be404c31459e18b7a,"{""bar_reward"":0.0,""candidate_threshold"":0.03,""downbeat_agreement_threshold"":0.6,""downbeat_agreement_tolerance"":0.07,""downbeat_mode"":""meter"",""downbeat_temperature"":4.0,""duration_sigma"":0.18,""duration_weight"":4.0,""fallback_maximal_ratio"":1.8,""fallback_minimal_ratio"":0.9,""fps"":50.0,""local_window_seconds"":8.0,""logit_clip"":6.0,""max_bpm"":300.0,""meter_change_penalty"":3.0,""meters"":[2,3,4,5,6,7],""min_bpm"":30.0,""temperature"":2.0,""tempo_bias"":0.15,""uncertain_sigma"":0.4}",27,993,0.6546450277165287,0.6210296997082068,0.7507526909751718,0.8925976401624354,0.8006461752307845,0.9054714449026381,0.7905928568535106,0.6987294741870193,0.8536558156084749
4f_3_4_5_7,exhaustive_4f,4,"3,4,5,7",201b2335735f185d7c2c1bf7313df4c6f201c4f93888e3198ada6e4cc43128e9,9cf7ed75cd2730e66c01d1e157b3331e943fc38e78e85854d61b139ff57918c7,"{""bar_reward"":0.0,""candidate_threshold"":0.03,""downbeat_agreement_threshold"":0.6,""downbeat_agreement_tolerance"":0.07,""downbeat_mode"":""meter"",""downbeat_temperature"":4.0,""duration_sigma"":0.18,""duration_weight"":4.0,""fallback_maximal_ratio"":1.8,""fallback_minimal_ratio"":0.85,""fps"":50.0,""local_window_seconds"":8.0,""logit_clip"":6.0,""max_bpm"":300.0,""meter_change_penalty"":3.0,""meters"":[2,3,4,5,6,7],""min_bpm"":30.0,""temperature"":2.0,""tempo_bias"":0.15,""uncertain_sigma"":0.4}",27,993,0.6570513717143411,0.6275217030752102,0.7572446943421751,0.8927767598830336,0.8021187135205194,0.9070656720798603,0.7904671692461906,0.700960782568749,0.8540012132954706
4f_3_4_6_7,exhaustive_4f,4,"3,4,6,7",8178e190c878986ab60533dcb2f17871f6b125943ba9905e572163eb9d2aefd3,25b411a7ecc93c5128004b996636c5c5c825f4d6f97d31a087aa3a92cbc2a862,"{""bar_reward"":0.0,""candidate_threshold"":0.03,""downbeat_agreement_threshold"":0.6,""downbeat_agreement_tolerance"":0.07,""downbeat_mode"":""meter"",""downbeat_temperature"":4.0,""duration_sigma"":0.08,""duration_weight"":4.0,""fallback_maximal_ratio"":1.8,""fallback_minimal_ratio"":0.85,""fps"":50.0,""local_window_seconds"":8.0,""logit_clip"":6.0,""max_bpm"":300.0,""meter_change_penalty"":3.0,""meters"":[2,3,4,5,6,7],""min_bpm"":30.0,""temperature"":2.0,""tempo_bias"":0.15,""uncertain_sigma"":0.4}",27,993,0.6596411795673068,0.6290806122566238,0.7551219040293977,0.892546603048219,0.8012715823218094,0.9058939537591308,0.790870034951094,0.7009207987680673,0.8560044365489426
4f_3_5_6_7,exhaustive_4f,4,"3,5,6,7",201b2335735f185d7c2c1bf7313df4c6f201c4f93888e3198ada6e4cc43128e9,9cf7ed75cd2730e66c01d1e157b3331e943fc38e78e85854d61b139ff57918c7,"{""bar_reward"":0.0,""candidate_threshold"":0.03,""downbeat_agreement_threshold"":0.6,""downbeat_agreement_tolerance"":0.07,""downbeat_mode"":""meter"",""downbeat_temperature"":4.0,""duration_sigma"":0.18,""duration_weight"":4.0,""fallback_maximal_ratio"":1.8,""fallback_minimal_ratio"":0.85,""fps"":50.0,""local_window_seconds"":8.0,""logit_clip"":6.0,""max_bpm"":300.0,""meter_change_penalty"":3.0,""meters"":[2,3,4,5,6,7],""min_bpm"":30.0,""temperature"":2.0,""tempo_bias"":0.15,""uncertain_sigma"":0.4}",27,993,0.6570513717143411,0.6275217030752102,0.7572446943421751,0.8927767598830336,0.8021187135205194,0.9070656720798603,0.7904671692461906,0.700960782568749,0.8540012132954706
4f_4_5_6_7,exhaustive_4f,4,"4,5,6,7",201b2335735f185d7c2c1bf7313df4c6f201c4f93888e3198ada6e4cc43128e9,9cf7ed75cd2730e66c01d1e157b3331e943fc38e78e85854d61b139ff57918c7,"{""bar_reward"":0.0,""candidate_threshold"":0.03,""downbeat_agreement_threshold"":0.6,""downbeat_agreement_tolerance"":0.07,""downbeat_mode"":""meter"",""downbeat_temperature"":4.0,""duration_sigma"":0.18,""duration_weight"":4.0,""fallback_maximal_ratio"":1.8,""fallback_minimal_ratio"":0.85,""fps"":50.0,""local_window_seconds"":8.0,""logit_clip"":6.0,""max_bpm"":300.0,""meter_change_penalty"":3.0,""meters"":[2,3,4,5,6,7],""min_bpm"":30.0,""temperature"":2.0,""tempo_bias"":0.15,""uncertain_sigma"":0.4}",27,993,0.6570513717143411,0.6275217030752102,0.7572446943421751,0.8927767598830336,0.8021187135205194,0.9070656720798603,0.7904671692461906,0.700960782568749,0.8540012132954706
7f_1_2_3_4_5_6_7,exhaustive_7f,7,"1,2,3,4,5,6,7",93f40ad87602ae68d84c6d1d72e307c27a67cc94d2b508f619f3376df08ae7de,c3311ff6a0bfa0d0344838fdc923b7627ccbe32332a2fb9f17664c2804eca22a,"{""bar_reward"":0.0,""candidate_threshold"":0.03,""downbeat_agreement_threshold"":0.6,""downbeat_agreement_tolerance"":0.07,""downbeat_mode"":""meter"",""downbeat_temperature"":4.0,""duration_sigma"":0.15,""duration_weight"":4.0,""fallback_maximal_ratio"":1.8,""fallback_minimal_ratio"":0.85,""fps"":50.0,""local_window_seconds"":8.0,""logit_clip"":6.0,""max_bpm"":300.0,""meter_change_penalty"":3.0,""meters"":[2,3,4,5,6,7],""min_bpm"":30.0,""temperature"":2.0,""tempo_bias"":0.15,""uncertain_sigma"":0.4}",27,993,0.6576139596187013,0.6292443559606538,0.7589673472276188,0.8926876534910437,0.8018783250478511,0.9066984033218329,0.7908900869895549,0.7009166387201801,0.8543926402418801
