candidate_hash,guard_pass,six_metric_wins,historical_distance,changed_parameter_count,overall_beat_fmeasure,overall_beat_cmlt,overall_beat_amlt,overall_downbeat_fmeasure,overall_downbeat_cmlt,overall_downbeat_amlt,smc_beat_fmeasure,smc_beat_cmlt,smc_beat_amlt,parameters
cdaa91eb4cf1e55576d0042755103b176cb54f5319c8f27afe0247da9bfe6a21,True,5,1.836666666666667,4,0.8990049766751114,0.8065846897553217,0.8789905123319943,0.8652449103714321,0.7526387150101386,0.8229615329007013,0.6096996932801914,0.5473552287511462,0.6203264610161802,"{""bar_reward"":0.0,""candidate_threshold"":0.03,""downbeat_agreement_threshold"":0.6,""downbeat_agreement_tolerance"":0.07,""downbeat_mode"":""snap"",""downbeat_temperature"":4.0,""duration_sigma"":0.08,""duration_weight"":4.0,""fallback_maximal_ratio"":1.8,""fallback_minimal_ratio"":0.9,""fps"":50.0,""local_window_seconds"":8.0,""logit_clip"":6.0,""max_bpm"":300.0,""meter_change_penalty"":3.0,""meters"":[2,3,4,5,6,7],""min_bpm"":30.0,""temperature"":2.0,""tempo_bias"":0.15,""uncertain_sigma"":0.1}"
cf66a43e895a0c8a001e276a06f3448d8f33a0a212c6c4dc44df3c14058079db,True,6,1.7366666666666668,3,0.8993097890712463,0.8074789795096434,0.8803071383188935,0.8658906732805801,0.7531853549328748,0.8236021616020103,0.6119096282843584,0.5469531034562967,0.6199586020786209,"{""bar_reward"":0.0,""candidate_threshold"":0.03,""downbeat_agreement_threshold"":0.6,""downbeat_agreement_tolerance"":0.07,""downbeat_mode"":""snap"",""downbeat_temperature"":4.0,""duration_sigma"":0.08,""duration_weight"":4.0,""fallback_maximal_ratio"":1.8,""fallback_minimal_ratio"":0.9,""fps"":50.0,""local_window_seconds"":8.0,""logit_clip"":6.0,""max_bpm"":300.0,""meter_change_penalty"":3.0,""meters"":[2,3,4,5,6,7],""min_bpm"":30.0,""temperature"":2.0,""tempo_bias"":0.15,""uncertain_sigma"":0.2}"
824c35a355b13e97ad8486584e322ef210c1e713a77753d5218bb2f84478a501,True,6,1.836666666666667,4,0.8996875246557953,0.8079887647679348,0.8806691565121775,0.8658379950205528,0.7531368373569832,0.8236255111259009,0.6141899948833985,0.5511131309700628,0.6229209665066214,"{""bar_reward"":0.0,""candidate_threshold"":0.03,""downbeat_agreement_threshold"":0.6,""downbeat_agreement_tolerance"":0.07,""downbeat_mode"":""snap"",""downbeat_temperature"":4.0,""duration_sigma"":0.08,""duration_weight"":4.0,""fallback_maximal_ratio"":1.8,""fallback_minimal_ratio"":0.9,""fps"":50.0,""local_window_seconds"":8.0,""logit_clip"":6.0,""max_bpm"":300.0,""meter_change_penalty"":3.0,""meters"":[2,3,4,5,6,7],""min_bpm"":30.0,""temperature"":2.0,""tempo_bias"":0.15,""uncertain_sigma"":0.3}"
7c22c4e4bd5834547b4633afcf7fdef5e69a3dac47c42892465a1a5d6e93f4f2,True,6,1.9366666666666668,4,0.89991696241591,0.8085611914403857,0.8815056032595052,0.865786144055672,0.7529791670559225,0.8234573786466579,0.6165836424273635,0.5548908437228636,0.6283740086046548,"{""bar_reward"":0.0,""candidate_threshold"":0.03,""downbeat_agreement_threshold"":0.6,""downbeat_agreement_tolerance"":0.07,""downbeat_mode"":""snap"",""downbeat_temperature"":4.0,""duration_sigma"":0.08,""duration_weight"":4.0,""fallback_maximal_ratio"":1.8,""fallback_minimal_ratio"":0.9,""fps"":50.0,""local_window_seconds"":8.0,""logit_clip"":6.0,""max_bpm"":300.0,""meter_change_penalty"":3.0,""meters"":[2,3,4,5,6,7],""min_bpm"":30.0,""temperature"":2.0,""tempo_bias"":0.15,""uncertain_sigma"":0.4}"
ef789c9b2f6f254d4c94fed490184a67357c33d492ae164cde520cf0bb95eefd,True,6,1.7966666666666669,4,0.8993880189143397,0.8073695258867293,0.8800716609130399,0.8657802405144636,0.7530058505483267,0.8233411816361209,0.610845699822339,0.548222169280534,0.621193401545568,"{""bar_reward"":0.0,""candidate_threshold"":0.03,""downbeat_agreement_threshold"":0.6,""downbeat_agreement_tolerance"":0.07,""downbeat_mode"":""snap"",""downbeat_temperature"":4.0,""duration_sigma"":0.12,""duration_weight"":4.0,""fallback_maximal_ratio"":1.8,""fallback_minimal_ratio"":0.9,""fps"":50.0,""local_window_seconds"":8.0,""logit_clip"":6.0,""max_bpm"":300.0,""meter_change_penalty"":3.0,""meters"":[2,3,4,5,6,7],""min_bpm"":30.0,""temperature"":2.0,""tempo_bias"":0.15,""uncertain_sigma"":0.1}"
b10a31f4c006b5798e93b5a2eddef2b5c9f77987ee27542d950ea925b168a684,True,6,1.6966666666666668,3,0.8995069786751841,0.8077121704433325,0.8806421254133804,0.8659906922339549,0.7531374167273197,0.8235528662984599,0.612554171069745,0.5479579990659483,0.6211056904682251,"{""bar_reward"":0.0,""candidate_threshold"":0.03,""downbeat_agreement_threshold"":0.6,""downbeat_agreement_tolerance"":0.07,""downbeat_mode"":""snap"",""downbeat_temperature"":4.0,""duration_sigma"":0.12,""duration_weight"":4.0,""fallback_maximal_ratio"":1.8,""fallback_minimal_ratio"":0.9,""fps"":50.0,""local_window_seconds"":8.0,""logit_clip"":6.0,""max_bpm"":300.0,""meter_change_penalty"":3.0,""meters"":[2,3,4,5,6,7],""min_bpm"":30.0,""temperature"":2.0,""tempo_bias"":0.15,""uncertain_sigma"":0.2}"
74f553fee77029c27f133348dd3a2dfc00cb953ceb8d675bb4050778d40ae9f6,True,6,1.7966666666666669,4,0.8997616207124639,0.8082628781057853,0.8809634648282175,0.8657152382799578,0.7529977823069728,0.8234508083863856,0.6152641072528879,0.5535281499514623,0.6253359854880212,"{""bar_reward"":0.0,""candidate_threshold"":0.03,""downbeat_agreement_threshold"":0.6,""downbeat_agreement_tolerance"":0.07,""downbeat_mode"":""snap"",""downbeat_temperature"":4.0,""duration_sigma"":0.12,""duration_weight"":4.0,""fallback_maximal_ratio"":1.8,""fallback_minimal_ratio"":0.9,""fps"":50.0,""local_window_seconds"":8.0,""logit_clip"":6.0,""max_bpm"":300.0,""meter_change_penalty"":3.0,""meters"":[2,3,4,5,6,7],""min_bpm"":30.0,""temperature"":2.0,""tempo_bias"":0.15,""uncertain_sigma"":0.3}"
623e802385ce2d39c7e8279322f24db90ba885c653723195034e73f1b86d0c9f,True,6,1.8966666666666667,4,0.8999435162958516,0.809089657346809,0.8821526680561018,0.8657858649887031,0.7530571736600136,0.8234875667218305,0.6171055763759149,0.5558021583238466,0.6299105904744556,"{""bar_reward"":0.0,""candidate_threshold"":0.03,""downbeat_agreement_threshold"":0.6,""downbeat_agreement_tolerance"":0.07,""downbeat_mode"":""snap"",""downbeat_temperature"":4.0,""duration_sigma"":0.12,""duration_weight"":4.0,""fallback_maximal_ratio"":1.8,""fallback_minimal_ratio"":0.9,""fps"":50.0,""local_window_seconds"":8.0,""logit_clip"":6.0,""max_bpm"":300.0,""meter_change_penalty"":3.0,""meters"":[2,3,4,5,6,7],""min_bpm"":30.0,""temperature"":2.0,""tempo_bias"":0.15,""uncertain_sigma"":0.4}"
d27b6fec9f73e91ebd0e0a680f6f9a202e2732bb5dc11832a09ba2a0cef216c2,True,6,1.7666666666666666,3,0.899451687880677,0.807687975668244,0.8804380292301534,0.8658874558415488,0.7531967779476485,0.823641672801669,0.6124459901198178,0.5486580451695225,0.6216292774345565,"{""bar_reward"":0.0,""candidate_threshold"":0.03,""downbeat_agreement_threshold"":0.6,""downbeat_agreement_tolerance"":0.07,""downbeat_mode"":""snap"",""downbeat_temperature"":4.0,""duration_sigma"":0.15,""duration_weight"":4.0,""fallback_maximal_ratio"":1.8,""fallback_minimal_ratio"":0.9,""fps"":50.0,""local_window_seconds"":8.0,""logit_clip"":6.0,""max_bpm"":300.0,""meter_change_penalty"":3.0,""meters"":[2,3,4,5,6,7],""min_bpm"":30.0,""temperature"":2.0,""tempo_bias"":0.15,""uncertain_sigma"":0.1}"
cb5a0e82235d5c70ec0e9e218405fc176538e90b6123177fde429e9110251f66,True,6,1.6666666666666665,2,0.8996230935125266,0.8077945437767932,0.880465294522734,0.8660024503132862,0.7531661565881176,0.8236205466080897,0.6130928204187351,0.5485637020217444,0.6211326897203174,"{""bar_reward"":0.0,""candidate_threshold"":0.03,""downbeat_agreement_threshold"":0.6,""downbeat_agreement_tolerance"":0.07,""downbeat_mode"":""snap"",""downbeat_temperature"":4.0,""duration_sigma"":0.15,""duration_weight"":4.0,""fallback_maximal_ratio"":1.8,""fallback_minimal_ratio"":0.9,""fps"":50.0,""local_window_seconds"":8.0,""logit_clip"":6.0,""max_bpm"":300.0,""meter_change_penalty"":3.0,""meters"":[2,3,4,5,6,7],""min_bpm"":30.0,""temperature"":2.0,""tempo_bias"":0.15,""uncertain_sigma"":0.2}"
d77867ab9122d67c6fff510cd625ab358efeec5af0c6900a21e7daec812517d2,True,6,1.7666666666666666,3,0.899765991280145,0.8083443849862567,0.8812405263287304,0.8657026136085179,0.7529390774585264,0.8233681546462959,0.6157155202467706,0.5528269649452098,0.6261230740843895,"{""bar_reward"":0.0,""candidate_threshold"":0.03,""downbeat_agreement_threshold"":0.6,""downbeat_agreement_tolerance"":0.07,""downbeat_mode"":""snap"",""downbeat_temperature"":4.0,""duration_sigma"":0.15,""duration_weight"":4.0,""fallback_maximal_ratio"":1.8,""fallback_minimal_ratio"":0.9,""fps"":50.0,""local_window_seconds"":8.0,""logit_clip"":6.0,""max_bpm"":300.0,""meter_change_penalty"":3.0,""meters"":[2,3,4,5,6,7],""min_bpm"":30.0,""temperature"":2.0,""tempo_bias"":0.15,""uncertain_sigma"":0.3}"
34fa1786d6ecad53d4aabcc3b5025e9b64c79fc6c10579079cded13a62d5b7ca,True,6,1.8666666666666665,3,0.8999433405881202,0.8089335215862744,0.8819927970152309,0.8658528621880759,0.7530938459537606,0.8234678017688036,0.6166199621065204,0.5543087598721615,0.6280724323695004,"{""bar_reward"":0.0,""candidate_threshold"":0.03,""downbeat_agreement_threshold"":0.6,""downbeat_agreement_tolerance"":0.07,""downbeat_mode"":""snap"",""downbeat_temperature"":4.0,""duration_sigma"":0.15,""duration_weight"":4.0,""fallback_maximal_ratio"":1.8,""fallback_minimal_ratio"":0.9,""fps"":50.0,""local_window_seconds"":8.0,""logit_clip"":6.0,""max_bpm"":300.0,""meter_change_penalty"":3.0,""meters"":[2,3,4,5,6,7],""min_bpm"":30.0,""temperature"":2.0,""tempo_bias"":0.15,""uncertain_sigma"":0.4}"
e0a872ad06e13fc1928736f20aa9ce6be007fddaad75684ac466597f37cc31c3,True,6,1.7966666666666669,4,0.8993562845266821,0.807520453868882,0.8803512758823688,0.8659050936829233,0.7531831145120893,0.8235888380917697,0.6123509806367243,0.5470805160097105,0.6202282074119873,"{""bar_reward"":0.0,""candidate_threshold"":0.03,""downbeat_agreement_threshold"":0.6,""downbeat_agreement_tolerance"":0.07,""downbeat_mode"":""snap"",""downbeat_temperature"":4.0,""duration_sigma"":0.18,""duration_weight"":4.0,""fallback_maximal_ratio"":1.8,""fallback_minimal_ratio"":0.9,""fps"":50.0,""local_window_seconds"":8.0,""logit_clip"":6.0,""max_bpm"":300.0,""meter_change_penalty"":3.0,""meters"":[2,3,4,5,6,7],""min_bpm"":30.0,""temperature"":2.0,""tempo_bias"":0.15,""uncertain_sigma"":0.1}"
dfa7f486b8ae25dda45ba81a7a2e110a9279d5cf732309f6e638e590b5dee2cd,True,6,1.6966666666666668,3,0.8996918634719202,0.8079458410433402,0.8805959763213257,0.8658356921053753,0.7531499369192446,0.8236308959069254,0.6141899948833985,0.5511131309700628,0.6229209665066214,"{""bar_reward"":0.0,""candidate_threshold"":0.03,""downbeat_agreement_threshold"":0.6,""downbeat_agreement_tolerance"":0.07,""downbeat_mode"":""snap"",""downbeat_temperature"":4.0,""duration_sigma"":0.18,""duration_weight"":4.0,""fallback_maximal_ratio"":1.8,""fallback_minimal_ratio"":0.9,""fps"":50.0,""local_window_seconds"":8.0,""logit_clip"":6.0,""max_bpm"":300.0,""meter_change_penalty"":3.0,""meters"":[2,3,4,5,6,7],""min_bpm"":30.0,""temperature"":2.0,""tempo_bias"":0.15,""uncertain_sigma"":0.2}"
cc6ecf97bdfc0b2a7e74e84c8023969e236ba77b720e6a32bb4ebe57b4292d93,True,6,1.7966666666666669,4,0.8998157381193223,0.8085123723221813,0.8813573378644722,0.8658235432068107,0.7529919030978875,0.823419065794291,0.6154429523494372,0.5533924989032916,0.6252003344398502,"{""bar_reward"":0.0,""candidate_threshold"":0.03,""downbeat_agreement_threshold"":0.6,""downbeat_agreement_tolerance"":0.07,""downbeat_mode"":""snap"",""downbeat_temperature"":4.0,""duration_sigma"":0.18,""duration_weight"":4.0,""fallback_maximal_ratio"":1.8,""fallback_minimal_ratio"":0.9,""fps"":50.0,""local_window_seconds"":8.0,""logit_clip"":6.0,""max_bpm"":300.0,""meter_change_penalty"":3.0,""meters"":[2,3,4,5,6,7],""min_bpm"":30.0,""temperature"":2.0,""tempo_bias"":0.15,""uncertain_sigma"":0.3}"
bb1800dbec5be18c3b32f81e8f41365df8416f06dab0e4b10462b891092ccaaf,True,6,1.8966666666666667,4,0.8999900875559851,0.8089157843104274,0.8817447114373181,0.8657513297498686,0.753039126440978,0.8234546645566696,0.6165532836885874,0.5537505133934659,0.6269459547328255,"{""bar_reward"":0.0,""candidate_threshold"":0.03,""downbeat_agreement_threshold"":0.6,""downbeat_agreement_tolerance"":0.07,""downbeat_mode"":""snap"",""downbeat_temperature"":4.0,""duration_sigma"":0.18,""duration_weight"":4.0,""fallback_maximal_ratio"":1.8,""fallback_minimal_ratio"":0.9,""fps"":50.0,""local_window_seconds"":8.0,""logit_clip"":6.0,""max_bpm"":300.0,""meter_change_penalty"":3.0,""meters"":[2,3,4,5,6,7],""min_bpm"":30.0,""temperature"":2.0,""tempo_bias"":0.15,""uncertain_sigma"":0.4}"
8e864544bbf6b9a3d5f6429391385c6a829a52be3667a12d1045fa1a3d5a1b7b,True,5,1.6700000000000002,4,0.8986455814317466,0.8052466195851101,0.8777298257919207,0.8651621701346224,0.7524461591077185,0.8228678505764443,0.609907963056564,0.5483700082798583,0.6217122044575227,"{""bar_reward"":0.0,""candidate_threshold"":0.03,""downbeat_agreement_threshold"":0.6,""downbeat_agreement_tolerance"":0.07,""downbeat_mode"":""snap"",""downbeat_temperature"":4.0,""duration_sigma"":0.08,""duration_weight"":6.0,""fallback_maximal_ratio"":1.8,""fallback_minimal_ratio"":0.9,""fps"":50.0,""local_window_seconds"":8.0,""logit_clip"":6.0,""max_bpm"":300.0,""meter_change_penalty"":3.0,""meters"":[2,3,4,5,6,7],""min_bpm"":30.0,""temperature"":2.0,""tempo_bias"":0.15,""uncertain_sigma"":0.1}"
4e3611d1e22a524e0f47e2f9e5a67ed1f6ae232fcff2656c0db9afd0c0c2c038,True,6,1.57,3,0.8993846072714063,0.80747754116445,0.8799325001912582,0.8657411543850609,0.7530756903413668,0.8233668627087951,0.610845699822339,0.548222169280534,0.621193401545568,"{""bar_reward"":0.0,""candidate_threshold"":0.03,""downbeat_agreement_threshold"":0.6,""downbeat_agreement_tolerance"":0.07,""downbeat_mode"":""snap"",""downbeat_temperature"":4.0,""duration_sigma"":0.08,""duration_weight"":6.0,""fallback_maximal_ratio"":1.8,""fallback_minimal_ratio"":0.9,""fps"":50.0,""local_window_seconds"":8.0,""logit_clip"":6.0,""max_bpm"":300.0,""meter_change_penalty"":3.0,""meters"":[2,3,4,5,6,7],""min_bpm"":30.0,""temperature"":2.0,""tempo_bias"":0.15,""uncertain_sigma"":0.2}"
828d5173f84f156082d8f952d0b6218ce1617c845e44d2b1510fa76eaec9556a,True,6,1.67,4,0.8993149828585442,0.8074647773491496,0.8803568909485302,0.8658620828971247,0.7531479715840966,0.8235318437546777,0.6120710344888808,0.5484139809926122,0.621561672394889,"{""bar_reward"":0.0,""candidate_threshold"":0.03,""downbeat_agreement_threshold"":0.6,""downbeat_agreement_tolerance"":0.07,""downbeat_mode"":""snap"",""downbeat_temperature"":4.0,""duration_sigma"":0.08,""duration_weight"":6.0,""fallback_maximal_ratio"":1.8,""fallback_minimal_ratio"":0.9,""fps"":50.0,""local_window_seconds"":8.0,""logit_clip"":6.0,""max_bpm"":300.0,""meter_change_penalty"":3.0,""meters"":[2,3,4,5,6,7],""min_bpm"":30.0,""temperature"":2.0,""tempo_bias"":0.15,""uncertain_sigma"":0.3}"
8877b4a5e6de1d800832e7cd36fcbd141209ba20ef15f736c4aacc2f74c67437,True,6,1.77,4,0.89971180228346,0.8079878839490485,0.8806544006318194,0.8658260646929214,0.7531036807995529,0.8235899976141698,0.6144626555134438,0.551367196010713,0.6231750315472718,"{""bar_reward"":0.0,""candidate_threshold"":0.03,""downbeat_agreement_threshold"":0.6,""downbeat_agreement_tolerance"":0.07,""downbeat_mode"":""snap"",""downbeat_temperature"":4.0,""duration_sigma"":0.08,""duration_weight"":6.0,""fallback_maximal_ratio"":1.8,""fallback_minimal_ratio"":0.9,""fps"":50.0,""local_window_seconds"":8.0,""logit_clip"":6.0,""max_bpm"":300.0,""meter_change_penalty"":3.0,""meters"":[2,3,4,5,6,7],""min_bpm"":30.0,""temperature"":2.0,""tempo_bias"":0.15,""uncertain_sigma"":0.4}"
01b52fbabc268f3f9425faa040714de407cae043c18e7db7e4d3b607a896f32a,True,5,1.6300000000000001,4,0.8990433217953477,0.8066549235911142,0.8790825532845896,0.8652638840102587,0.7526384595853016,0.8229599053920841,0.6096996932801914,0.5473552287511462,0.6203264610161802,"{""bar_reward"":0.0,""candidate_threshold"":0.03,""downbeat_agreement_threshold"":0.6,""downbeat_agreement_tolerance"":0.07,""downbeat_mode"":""snap"",""downbeat_temperature"":4.0,""duration_sigma"":0.12,""duration_weight"":6.0,""fallback_maximal_ratio"":1.8,""fallback_minimal_ratio"":0.9,""fps"":50.0,""local_window_seconds"":8.0,""logit_clip"":6.0,""max_bpm"":300.0,""meter_change_penalty"":3.0,""meters"":[2,3,4,5,6,7],""min_bpm"":30.0,""temperature"":2.0,""tempo_bias"":0.15,""uncertain_sigma"":0.1}"
1b7a0cd585b6e0504e7f184a48ecfb3de61ca6bdbb5f6b48aab38058e43f5094,True,6,1.53,3,0.8993818105730413,0.8074859981455209,0.8802566779202486,0.865904799051654,0.7532320835213764,0.8236693568957704,0.6124459901198178,0.5486580451695225,0.6216635437918469,"{""bar_reward"":0.0,""candidate_threshold"":0.03,""downbeat_agreement_threshold"":0.6,""downbeat_agreement_tolerance"":0.07,""downbeat_mode"":""snap"",""downbeat_temperature"":4.0,""duration_sigma"":0.12,""duration_weight"":6.0,""fallback_maximal_ratio"":1.8,""fallback_minimal_ratio"":0.9,""fps"":50.0,""local_window_seconds"":8.0,""logit_clip"":6.0,""max_bpm"":300.0,""meter_change_penalty"":3.0,""meters"":[2,3,4,5,6,7],""min_bpm"":30.0,""temperature"":2.0,""tempo_bias"":0.15,""uncertain_sigma"":0.2}"
72f46bcf212d8f6f4e257c9eb3b10a0fe436b3a79cd0e0c5a481af89021ef703,True,6,1.63,4,0.8995576914731443,0.8076639839273297,0.8805625939194338,0.8660386073933778,0.7531168442207709,0.8235538050323514,0.613049932203804,0.5485338719339246,0.6211028596324977,"{""bar_reward"":0.0,""candidate_threshold"":0.03,""downbeat_agreement_threshold"":0.6,""downbeat_agreement_tolerance"":0.07,""downbeat_mode"":""snap"",""downbeat_temperature"":4.0,""duration_sigma"":0.12,""duration_weight"":6.0,""fallback_maximal_ratio"":1.8,""fallback_minimal_ratio"":0.9,""fps"":50.0,""local_window_seconds"":8.0,""logit_clip"":6.0,""max_bpm"":300.0,""meter_change_penalty"":3.0,""meters"":[2,3,4,5,6,7],""min_bpm"":30.0,""temperature"":2.0,""tempo_bias"":0.15,""uncertain_sigma"":0.3}"
569a9ceed0fcad83e736d4dd3d37f211f70178e975c7a76eed4aab3c32977a81,True,6,1.73,4,0.8998054622114524,0.8084282246914551,0.881158955088085,0.8657209882621875,0.7529993254945758,0.8234527714117923,0.6152641072528879,0.5535281499514623,0.6253359854880212,"{""bar_reward"":0.0,""candidate_threshold"":0.03,""downbeat_agreement_threshold"":0.6,""downbeat_agreement_tolerance"":0.07,""downbeat_mode"":""snap"",""downbeat_temperature"":4.0,""duration_sigma"":0.12,""duration_weight"":6.0,""fallback_maximal_ratio"":1.8,""fallback_minimal_ratio"":0.9,""fps"":50.0,""local_window_seconds"":8.0,""logit_clip"":6.0,""max_bpm"":300.0,""meter_change_penalty"":3.0,""meters"":[2,3,4,5,6,7],""min_bpm"":30.0,""temperature"":2.0,""tempo_bias"":0.15,""uncertain_sigma"":0.4}"
b58175a78ba73d80052859400d39d67f43066ccad61e86d54751595958a15064,True,6,1.6,3,0.8993261794342641,0.8072269206227334,0.8798902579308214,0.8656667373444623,0.7529109237165847,0.8232274457455091,0.610441968494913,0.5476434655768303,0.6206146978418643,"{""bar_reward"":0.0,""candidate_threshold"":0.03,""downbeat_agreement_threshold"":0.6,""downbeat_agreement_tolerance"":0.07,""downbeat_mode"":""snap"",""downbeat_temperature"":4.0,""duration_sigma"":0.15,""duration_weight"":6.0,""fallback_maximal_ratio"":1.8,""fallback_minimal_ratio"":0.9,""fps"":50.0,""local_window_seconds"":8.0,""logit_clip"":6.0,""max_bpm"":300.0,""meter_change_penalty"":3.0,""meters"":[2,3,4,5,6,7],""min_bpm"":30.0,""temperature"":2.0,""tempo_bias"":0.15,""uncertain_sigma"":0.1}"
c8f7b661782fe5822d35ac70d25199db9b2c517486d4df608b5b1fe380889389,True,6,1.5,2,0.8993749061080126,0.807605978619748,0.8804378452396894,0.8658758428612116,0.7531921569836812,0.8235985550263943,0.6120680908561177,0.5472620701128332,0.62040976151511,"{""bar_reward"":0.0,""candidate_threshold"":0.03,""downbeat_agreement_threshold"":0.6,""downbeat_agreement_tolerance"":0.07,""downbeat_mode"":""snap"",""downbeat_temperature"":4.0,""duration_sigma"":0.15,""duration_weight"":6.0,""fallback_maximal_ratio"":1.8,""fallback_minimal_ratio"":0.9,""fps"":50.0,""local_window_seconds"":8.0,""logit_clip"":6.0,""max_bpm"":300.0,""meter_change_penalty"":3.0,""meters"":[2,3,4,5,6,7],""min_bpm"":30.0,""temperature"":2.0,""tempo_bias"":0.15,""uncertain_sigma"":0.2}"
4afedf232c714da3b0439aff1d4482ba5b9f54d58bcad8fb8bbcb9a039dd9c19,True,6,1.6,3,0.8996989674203564,0.8080371576405506,0.880756101566217,0.8658374041050718,0.7531168571365272,0.8235937649121016,0.6144574270199681,0.5511429610578824,0.623529500298145,"{""bar_reward"":0.0,""candidate_threshold"":0.03,""downbeat_agreement_threshold"":0.6,""downbeat_agreement_tolerance"":0.07,""downbeat_mode"":""snap"",""downbeat_temperature"":4.0,""duration_sigma"":0.15,""duration_weight"":6.0,""fallback_maximal_ratio"":1.8,""fallback_minimal_ratio"":0.9,""fps"":50.0,""local_window_seconds"":8.0,""logit_clip"":6.0,""max_bpm"":300.0,""meter_change_penalty"":3.0,""meters"":[2,3,4,5,6,7],""min_bpm"":30.0,""temperature"":2.0,""tempo_bias"":0.15,""uncertain_sigma"":0.3}"
e6e36fab20066ff4aed79b5ff87dba6a0b673779039c9ede781294461d8bfc95,True,6,1.7,3,0.8997741852197596,0.8083519259834635,0.8812597886717318,0.8656520160654806,0.7529208501857513,0.8233319288134056,0.6157155202467706,0.5528269649452098,0.6261230740843895,"{""bar_reward"":0.0,""candidate_threshold"":0.03,""downbeat_agreement_threshold"":0.6,""downbeat_agreement_tolerance"":0.07,""downbeat_mode"":""snap"",""downbeat_temperature"":4.0,""duration_sigma"":0.15,""duration_weight"":6.0,""fallback_maximal_ratio"":1.8,""fallback_minimal_ratio"":0.9,""fps"":50.0,""local_window_seconds"":8.0,""logit_clip"":6.0,""max_bpm"":300.0,""meter_change_penalty"":3.0,""meters"":[2,3,4,5,6,7],""min_bpm"":30.0,""temperature"":2.0,""tempo_bias"":0.15,""uncertain_sigma"":0.4}"
baa2d1fa81f275c36eef9ab0ed258f2d7374729aa40e744e820db0a50cb3dc9f,True,6,1.6300000000000001,4,0.8993636337153719,0.8075431384882517,0.8801679506150587,0.8658401357587308,0.7532211969479193,0.8236434187417551,0.6105344642169857,0.5476048853299167,0.6205761175949506,"{""bar_reward"":0.0,""candidate_threshold"":0.03,""downbeat_agreement_threshold"":0.6,""downbeat_agreement_tolerance"":0.07,""downbeat_mode"":""snap"",""downbeat_temperature"":4.0,""duration_sigma"":0.18,""duration_weight"":6.0,""fallback_maximal_ratio"":1.8,""fallback_minimal_ratio"":0.9,""fps"":50.0,""local_window_seconds"":8.0,""logit_clip"":6.0,""max_bpm"":300.0,""meter_change_penalty"":3.0,""meters"":[2,3,4,5,6,7],""min_bpm"":30.0,""temperature"":2.0,""tempo_bias"":0.15,""uncertain_sigma"":0.1}"
b5b1f25b83aac93523de48a0251d39e5c4d32fc27927c8cec57a406d1455ddb4,True,6,1.53,3,0.8994006867444518,0.8074165363632713,0.8804135414836376,0.8659363810854624,0.7531512894240887,0.8235561052443175,0.6125118292015008,0.547928777755431,0.6210764691577079,"{""bar_reward"":0.0,""candidate_threshold"":0.03,""downbeat_agreement_threshold"":0.6,""downbeat_agreement_tolerance"":0.07,""downbeat_mode"":""snap"",""downbeat_temperature"":4.0,""duration_sigma"":0.18,""duration_weight"":6.0,""fallback_maximal_ratio"":1.8,""fallback_minimal_ratio"":0.9,""fps"":50.0,""local_window_seconds"":8.0,""logit_clip"":6.0,""max_bpm"":300.0,""meter_change_penalty"":3.0,""meters"":[2,3,4,5,6,7],""min_bpm"":30.0,""temperature"":2.0,""tempo_bias"":0.15,""uncertain_sigma"":0.2}"
bd26c636b9461d64a50b8ce3b4bcf54314d8ffe462f58939ec05a04b56afa414,True,6,1.63,4,0.899682610374789,0.8079414429872501,0.880574780294597,0.8658231926848611,0.753156221591488,0.8236411223164634,0.6144626555134438,0.551367196010713,0.6231750315472718,"{""bar_reward"":0.0,""candidate_threshold"":0.03,""downbeat_agreement_threshold"":0.6,""downbeat_agreement_tolerance"":0.07,""downbeat_mode"":""snap"",""downbeat_temperature"":4.0,""duration_sigma"":0.18,""duration_weight"":6.0,""fallback_maximal_ratio"":1.8,""fallback_minimal_ratio"":0.9,""fps"":50.0,""local_window_seconds"":8.0,""logit_clip"":6.0,""max_bpm"":300.0,""meter_change_penalty"":3.0,""meters"":[2,3,4,5,6,7],""min_bpm"":30.0,""temperature"":2.0,""tempo_bias"":0.15,""uncertain_sigma"":0.3}"
dd5914972cad231caf1465041e68090bd8e6e9da8f01579151de709bf27f8260,True,6,1.73,4,0.8998047159683791,0.8083562699684494,0.8812796225525702,0.8657468634501814,0.7529882275555723,0.8234147446517303,0.6154507072154056,0.5512365173087,0.6247291400651176,"{""bar_reward"":0.0,""candidate_threshold"":0.03,""downbeat_agreement_threshold"":0.6,""downbeat_agreement_tolerance"":0.07,""downbeat_mode"":""snap"",""downbeat_temperature"":4.0,""duration_sigma"":0.18,""duration_weight"":6.0,""fallback_maximal_ratio"":1.8,""fallback_minimal_ratio"":0.9,""fps"":50.0,""local_window_seconds"":8.0,""logit_clip"":6.0,""max_bpm"":300.0,""meter_change_penalty"":3.0,""meters"":[2,3,4,5,6,7],""min_bpm"":30.0,""temperature"":2.0,""tempo_bias"":0.15,""uncertain_sigma"":0.4}"
ec7dbd2f4b16f0660ae6eaeccff6c3837c339ef13a220e5a2da6e689f6dd46b6,False,3,1.5033333333333334,4,0.8985223680875404,0.8048093153709657,0.8772341066738264,0.864679783098461,0.7516585368119157,0.8220267523446089,0.6098448936470946,0.5453104419518163,0.6187036813300181,"{""bar_reward"":0.0,""candidate_threshold"":0.03,""downbeat_agreement_threshold"":0.6,""downbeat_agreement_tolerance"":0.07,""downbeat_mode"":""snap"",""downbeat_temperature"":4.0,""duration_sigma"":0.08,""duration_weight"":8.0,""fallback_maximal_ratio"":1.8,""fallback_minimal_ratio"":0.9,""fps"":50.0,""local_window_seconds"":8.0,""logit_clip"":6.0,""max_bpm"":300.0,""meter_change_penalty"":3.0,""meters"":[2,3,4,5,6,7],""min_bpm"":30.0,""temperature"":2.0,""tempo_bias"":0.15,""uncertain_sigma"":0.1}"
1bf57219f6599f07d16f5b6c86f7c2ce233ac0b9ed63ecbb16d08ace0b074f50,True,6,1.4033333333333333,3,0.8990706827350993,0.8066512532817375,0.8790916820102724,0.8654937424394449,0.7527999931509226,0.823139088793424,0.6099906183179096,0.5472401266318246,0.6202113588968586,"{""bar_reward"":0.0,""candidate_threshold"":0.03,""downbeat_agreement_threshold"":0.6,""downbeat_agreement_tolerance"":0.07,""downbeat_mode"":""snap"",""downbeat_temperature"":4.0,""duration_sigma"":0.08,""duration_weight"":8.0,""fallback_maximal_ratio"":1.8,""fallback_minimal_ratio"":0.9,""fps"":50.0,""local_window_seconds"":8.0,""logit_clip"":6.0,""max_bpm"":300.0,""meter_change_penalty"":3.0,""meters"":[2,3,4,5,6,7],""min_bpm"":30.0,""temperature"":2.0,""tempo_bias"":0.15,""uncertain_sigma"":0.2}"
b772a4a97e1ddec685d1d2edeb48a05cf0950ce55e9342f5082ac87690a75a09,True,6,1.5033333333333334,4,0.8993606378662826,0.8075179527182891,0.88034082920091,0.8659327190898053,0.7532319066742369,0.823671702169613,0.612488331988062,0.5486892145674077,0.621694713189732,"{""bar_reward"":0.0,""candidate_threshold"":0.03,""downbeat_agreement_threshold"":0.6,""downbeat_agreement_tolerance"":0.07,""downbeat_mode"":""snap"",""downbeat_temperature"":4.0,""duration_sigma"":0.08,""duration_weight"":8.0,""fallback_maximal_ratio"":1.8,""fallback_minimal_ratio"":0.9,""fps"":50.0,""local_window_seconds"":8.0,""logit_clip"":6.0,""max_bpm"":300.0,""meter_change_penalty"":3.0,""meters"":[2,3,4,5,6,7],""min_bpm"":30.0,""temperature"":2.0,""tempo_bias"":0.15,""uncertain_sigma"":0.3}"
fac45f8a776eabcd11933f94ec234d0c60d629fa37d1d7baa6d44e88a3374fa9,True,6,1.6033333333333333,4,0.8995258077932627,0.8077748815044832,0.8807028245489592,0.8659728802443072,0.7529690157824812,0.8233966290879478,0.6121554206709945,0.5485338719339246,0.6216815633362013,"{""bar_reward"":0.0,""candidate_threshold"":0.03,""downbeat_agreement_threshold"":0.6,""downbeat_agreement_tolerance"":0.07,""downbeat_mode"":""snap"",""downbeat_temperature"":4.0,""duration_sigma"":0.08,""duration_weight"":8.0,""fallback_maximal_ratio"":1.8,""fallback_minimal_ratio"":0.9,""fps"":50.0,""local_window_seconds"":8.0,""logit_clip"":6.0,""max_bpm"":300.0,""meter_change_penalty"":3.0,""meters"":[2,3,4,5,6,7],""min_bpm"":30.0,""temperature"":2.0,""tempo_bias"":0.15,""uncertain_sigma"":0.4}"
0b4ca0903639519607262a7fd74e36d4117b0e4d24a1df90c294e9fb6c106fdb,True,5,1.4633333333333334,4,0.8988219987974989,0.8061034114465361,0.8782451210454377,0.8652077285233214,0.7525484694060548,0.8228929974703754,0.6093810890519499,0.548415026320566,0.6208075548818962,"{""bar_reward"":0.0,""candidate_threshold"":0.03,""downbeat_agreement_threshold"":0.6,""downbeat_agreement_tolerance"":0.07,""downbeat_mode"":""snap"",""downbeat_temperature"":4.0,""duration_sigma"":0.12,""duration_weight"":8.0,""fallback_maximal_ratio"":1.8,""fallback_minimal_ratio"":0.9,""fps"":50.0,""local_window_seconds"":8.0,""logit_clip"":6.0,""max_bpm"":300.0,""meter_change_penalty"":3.0,""meters"":[2,3,4,5,6,7],""min_bpm"":30.0,""temperature"":2.0,""tempo_bias"":0.15,""uncertain_sigma"":0.1}"
6c34cf02e86ed8f9311c2261875d00ab08ad2e77e52634b2c8ea708b39e37982,True,6,1.3633333333333333,3,0.8994216685178403,0.8075624195732857,0.8800159815344906,0.865758177999638,0.7530885904699287,0.8233921650553394,0.610845699822339,0.548222169280534,0.621193401545568,"{""bar_reward"":0.0,""candidate_threshold"":0.03,""downbeat_agreement_threshold"":0.6,""downbeat_agreement_tolerance"":0.07,""downbeat_mode"":""snap"",""downbeat_temperature"":4.0,""duration_sigma"":0.12,""duration_weight"":8.0,""fallback_maximal_ratio"":1.8,""fallback_minimal_ratio"":0.9,""fps"":50.0,""local_window_seconds"":8.0,""logit_clip"":6.0,""max_bpm"":300.0,""meter_change_penalty"":3.0,""meters"":[2,3,4,5,6,7],""min_bpm"":30.0,""temperature"":2.0,""tempo_bias"":0.15,""uncertain_sigma"":0.2}"
51bdb02b85c941976a8f526b1c5fbd7954c954157156513cf7b86442d722631b,True,6,1.4633333333333334,4,0.8993266330768172,0.8075282925842524,0.8803788580354291,0.8658771723583985,0.7531994189811653,0.8235692342634101,0.6121232054945657,0.5481837093446577,0.6213314007469344,"{""bar_reward"":0.0,""candidate_threshold"":0.03,""downbeat_agreement_threshold"":0.6,""downbeat_agreement_tolerance"":0.07,""downbeat_mode"":""snap"",""downbeat_temperature"":4.0,""duration_sigma"":0.12,""duration_weight"":8.0,""fallback_maximal_ratio"":1.8,""fallback_minimal_ratio"":0.9,""fps"":50.0,""local_window_seconds"":8.0,""logit_clip"":6.0,""max_bpm"":300.0,""meter_change_penalty"":3.0,""meters"":[2,3,4,5,6,7],""min_bpm"":30.0,""temperature"":2.0,""tempo_bias"":0.15,""uncertain_sigma"":0.3}"
11ba3801dd26c255c73d1d5df696b4ffcd7e40b3fa624886550ac4d4ba4f04de,True,6,1.5633333333333332,4,0.8996757518144828,0.8079386282359372,0.8807239712393108,0.8659770231670103,0.7531615443791716,0.8236329608991726,0.6145279334677828,0.5511429610578824,0.623529500298145,"{""bar_reward"":0.0,""candidate_threshold"":0.03,""downbeat_agreement_threshold"":0.6,""downbeat_agreement_tolerance"":0.07,""downbeat_mode"":""snap"",""downbeat_temperature"":4.0,""duration_sigma"":0.12,""duration_weight"":8.0,""fallback_maximal_ratio"":1.8,""fallback_minimal_ratio"":0.9,""fps"":50.0,""local_window_seconds"":8.0,""logit_clip"":6.0,""max_bpm"":300.0,""meter_change_penalty"":3.0,""meters"":[2,3,4,5,6,7],""min_bpm"":30.0,""temperature"":2.0,""tempo_bias"":0.15,""uncertain_sigma"":0.4}"
41a2c4dbd5d52cc47a4651a1c51e2d354e567ef2e01462f612a143d0d53d0313,True,5,1.4333333333333333,3,0.8989771477295261,0.8065763356392844,0.8789551621327468,0.865256141459823,0.7526395090642612,0.8229625392019951,0.6092642074023763,0.5473552287511462,0.6197477573124764,"{""bar_reward"":0.0,""candidate_threshold"":0.03,""downbeat_agreement_threshold"":0.6,""downbeat_agreement_tolerance"":0.07,""downbeat_mode"":""snap"",""downbeat_temperature"":4.0,""duration_sigma"":0.15,""duration_weight"":8.0,""fallback_maximal_ratio"":1.8,""fallback_minimal_ratio"":0.9,""fps"":50.0,""local_window_seconds"":8.0,""logit_clip"":6.0,""max_bpm"":300.0,""meter_change_penalty"":3.0,""meters"":[2,3,4,5,6,7],""min_bpm"":30.0,""temperature"":2.0,""tempo_bias"":0.15,""uncertain_sigma"":0.1}"
d980e7fa57d2229609cdc9b22ff6080b538d7aeaf9950fe6b4dbe92e2870d65e,True,6,1.3333333333333333,2,0.8994337434970816,0.8076267163944325,0.8803702199980856,0.8658635519264677,0.7532065052716622,0.8236111352883391,0.6124459901198178,0.5482171280619388,0.6211883603269726,"{""bar_reward"":0.0,""candidate_threshold"":0.03,""downbeat_agreement_threshold"":0.6,""downbeat_agreement_tolerance"":0.07,""downbeat_mode"":""snap"",""downbeat_temperature"":4.0,""duration_sigma"":0.15,""duration_weight"":8.0,""fallback_maximal_ratio"":1.8,""fallback_minimal_ratio"":0.9,""fps"":50.0,""local_window_seconds"":8.0,""logit_clip"":6.0,""max_bpm"":300.0,""meter_change_penalty"":3.0,""meters"":[2,3,4,5,6,7],""min_bpm"":30.0,""temperature"":2.0,""tempo_bias"":0.15,""uncertain_sigma"":0.2}"
b1e24b58159aec6ddcbbd332f47845b67ff7b7fea3effbd07a93d5adbac3ea14,True,6,1.4333333333333331,3,0.8994775233262874,0.807682022356636,0.8806208746503005,0.8659722577762569,0.7531310653385983,0.8235364483348123,0.6120536705692445,0.5479579990659483,0.6211056904682251,"{""bar_reward"":0.0,""candidate_threshold"":0.03,""downbeat_agreement_threshold"":0.6,""downbeat_agreement_tolerance"":0.07,""downbeat_mode"":""snap"",""downbeat_temperature"":4.0,""duration_sigma"":0.15,""duration_weight"":8.0,""fallback_maximal_ratio"":1.8,""fallback_minimal_ratio"":0.9,""fps"":50.0,""local_window_seconds"":8.0,""logit_clip"":6.0,""max_bpm"":300.0,""meter_change_penalty"":3.0,""meters"":[2,3,4,5,6,7],""min_bpm"":30.0,""temperature"":2.0,""tempo_bias"":0.15,""uncertain_sigma"":0.3}"
78afc47d669de889d09ba95c5a5e8a9fcf75349d9241015b4579b0202491db59,True,6,1.5333333333333332,3,0.8996856477210361,0.8079213230682222,0.8805799627862992,0.8658202109858154,0.7531085548596956,0.8235895138473766,0.6139390664481881,0.5502097886033057,0.6220176241398645,"{""bar_reward"":0.0,""candidate_threshold"":0.03,""downbeat_agreement_threshold"":0.6,""downbeat_agreement_tolerance"":0.07,""downbeat_mode"":""snap"",""downbeat_temperature"":4.0,""duration_sigma"":0.15,""duration_weight"":8.0,""fallback_maximal_ratio"":1.8,""fallback_minimal_ratio"":0.9,""fps"":50.0,""local_window_seconds"":8.0,""logit_clip"":6.0,""max_bpm"":300.0,""meter_change_penalty"":3.0,""meters"":[2,3,4,5,6,7],""min_bpm"":30.0,""temperature"":2.0,""tempo_bias"":0.15,""uncertain_sigma"":0.4}"
5eda96e7cd7c674ca80ea5735cfd797a06a0c3c62eb9681eb0094daa2d0ab8fa,True,6,1.4633333333333334,4,0.8992391138215011,0.8070060760189204,0.8796182239598058,0.8655561381919971,0.7526882657732408,0.8230168800654484,0.6102060638004095,0.5476434655768303,0.6206146978418643,"{""bar_reward"":0.0,""candidate_threshold"":0.03,""downbeat_agreement_threshold"":0.6,""downbeat_agreement_tolerance"":0.07,""downbeat_mode"":""snap"",""downbeat_temperature"":4.0,""duration_sigma"":0.18,""duration_weight"":8.0,""fallback_maximal_ratio"":1.8,""fallback_minimal_ratio"":0.9,""fps"":50.0,""local_window_seconds"":8.0,""logit_clip"":6.0,""max_bpm"":300.0,""meter_change_penalty"":3.0,""meters"":[2,3,4,5,6,7],""min_bpm"":30.0,""temperature"":2.0,""tempo_bias"":0.15,""uncertain_sigma"":0.1}"
7bde5c7bc8b92732d21ddc113032b0be88a1b6238ef68cf37933c6e5c049c6db,True,6,1.3633333333333333,3,0.8993307038578972,0.807516648770795,0.8803385788419202,0.8659039996564062,0.7532306905689571,0.823678235887356,0.6125661408894003,0.5486892145674077,0.6218369059696846,"{""bar_reward"":0.0,""candidate_threshold"":0.03,""downbeat_agreement_threshold"":0.6,""downbeat_agreement_tolerance"":0.07,""downbeat_mode"":""snap"",""downbeat_temperature"":4.0,""duration_sigma"":0.18,""duration_weight"":8.0,""fallback_maximal_ratio"":1.8,""fallback_minimal_ratio"":0.9,""fps"":50.0,""local_window_seconds"":8.0,""logit_clip"":6.0,""max_bpm"":300.0,""meter_change_penalty"":3.0,""meters"":[2,3,4,5,6,7],""min_bpm"":30.0,""temperature"":2.0,""tempo_bias"":0.15,""uncertain_sigma"":0.2}"
c8d4bb96c17dcdeb0fb47dc0d096a3267c25deb87348f632f680fbadc6c058fa,True,6,1.4633333333333334,4,0.8995468701879032,0.8076560925988844,0.8805530415400739,0.8660315648055424,0.7531141531617814,0.823556252222412,0.613049932203804,0.5485338719339246,0.6211028596324977,"{""bar_reward"":0.0,""candidate_threshold"":0.03,""downbeat_agreement_threshold"":0.6,""downbeat_agreement_tolerance"":0.07,""downbeat_mode"":""snap"",""downbeat_temperature"":4.0,""duration_sigma"":0.18,""duration_weight"":8.0,""fallback_maximal_ratio"":1.8,""fallback_minimal_ratio"":0.9,""fps"":50.0,""local_window_seconds"":8.0,""logit_clip"":6.0,""max_bpm"":300.0,""meter_change_penalty"":3.0,""meters"":[2,3,4,5,6,7],""min_bpm"":30.0,""temperature"":2.0,""tempo_bias"":0.15,""uncertain_sigma"":0.3}"
5e0982e2aa74ad77789d4213b220f40169e64f600c7cf8ca9928cafd17e068cc,True,6,1.5633333333333332,4,0.899740255587208,0.8080862389711315,0.880651035823406,0.8658146513498056,0.7531005005700696,0.8235335923135961,0.6146918278093809,0.5517279113288966,0.6235357468654557,"{""bar_reward"":0.0,""candidate_threshold"":0.03,""downbeat_agreement_threshold"":0.6,""downbeat_agreement_tolerance"":0.07,""downbeat_mode"":""snap"",""downbeat_temperature"":4.0,""duration_sigma"":0.18,""duration_weight"":8.0,""fallback_maximal_ratio"":1.8,""fallback_minimal_ratio"":0.9,""fps"":50.0,""local_window_seconds"":8.0,""logit_clip"":6.0,""max_bpm"":300.0,""meter_change_penalty"":3.0,""meters"":[2,3,4,5,6,7],""min_bpm"":30.0,""temperature"":2.0,""tempo_bias"":0.15,""uncertain_sigma"":0.4}"
fe10173dd840ea883f6350304e9c572328f2ae6aefec996dc7c41823e90e69a2,False,2,1.1700000000000002,3,0.8980136483974286,0.8036123358162522,0.8758849647259981,0.8642563148041308,0.7510610762093597,0.821435181288587,0.6081176596394707,0.5414614310845172,0.6144181595389676,"{""bar_reward"":0.0,""candidate_threshold"":0.03,""downbeat_agreement_threshold"":0.6,""downbeat_agreement_tolerance"":0.07,""downbeat_mode"":""snap"",""downbeat_temperature"":4.0,""duration_sigma"":0.08,""duration_weight"":12.0,""fallback_maximal_ratio"":1.8,""fallback_minimal_ratio"":0.9,""fps"":50.0,""local_window_seconds"":8.0,""logit_clip"":6.0,""max_bpm"":300.0,""meter_change_penalty"":3.0,""meters"":[2,3,4,5,6,7],""min_bpm"":30.0,""temperature"":2.0,""tempo_bias"":0.15,""uncertain_sigma"":0.1}"
e4c4399886de7f13c03f615beb77dd857d4cb30f8199572ca103b61e50f1ca36,True,5,1.07,2,0.8988762337978335,0.8062821389629887,0.8784577253035548,0.8652779445409045,0.7526537701025582,0.8230159267167323,0.6092601517881555,0.5475636001817835,0.6209057963594481,"{""bar_reward"":0.0,""candidate_threshold"":0.03,""downbeat_agreement_threshold"":0.6,""downbeat_agreement_tolerance"":0.07,""downbeat_mode"":""snap"",""downbeat_temperature"":4.0,""duration_sigma"":0.08,""duration_weight"":12.0,""fallback_maximal_ratio"":1.8,""fallback_minimal_ratio"":0.9,""fps"":50.0,""local_window_seconds"":8.0,""logit_clip"":6.0,""max_bpm"":300.0,""meter_change_penalty"":3.0,""meters"":[2,3,4,5,6,7],""min_bpm"":30.0,""temperature"":2.0,""tempo_bias"":0.15,""uncertain_sigma"":0.2}"
d04f5c8d25d9d18d4a85ddcbb1db8afe4309af9921771b9538b4c7226cc49fa5,True,6,1.17,3,0.8993851060448601,0.8073304291992079,0.8799952734570319,0.8656608795605829,0.752973352894455,0.8232930903788628,0.610845699822339,0.5476434655768303,0.6206146978418643,"{""bar_reward"":0.0,""candidate_threshold"":0.03,""downbeat_agreement_threshold"":0.6,""downbeat_agreement_tolerance"":0.07,""downbeat_mode"":""snap"",""downbeat_temperature"":4.0,""duration_sigma"":0.08,""duration_weight"":12.0,""fallback_maximal_ratio"":1.8,""fallback_minimal_ratio"":0.9,""fps"":50.0,""local_window_seconds"":8.0,""logit_clip"":6.0,""max_bpm"":300.0,""meter_change_penalty"":3.0,""meters"":[2,3,4,5,6,7],""min_bpm"":30.0,""temperature"":2.0,""tempo_bias"":0.15,""uncertain_sigma"":0.3}"
35b2537a71a30e25ac11f63b50ef4fa1284a38f6c1b4554bb6b5cd7dd98191f4,True,6,1.27,3,0.8993407327792701,0.8074544857159731,0.8802873447429234,0.8659260980849763,0.7532277510942746,0.8236740488029208,0.6119096282843584,0.5469531034562967,0.6199586020786209,"{""bar_reward"":0.0,""candidate_threshold"":0.03,""downbeat_agreement_threshold"":0.6,""downbeat_agreement_tolerance"":0.07,""downbeat_mode"":""snap"",""downbeat_temperature"":4.0,""duration_sigma"":0.08,""duration_weight"":12.0,""fallback_maximal_ratio"":1.8,""fallback_minimal_ratio"":0.9,""fps"":50.0,""local_window_seconds"":8.0,""logit_clip"":6.0,""max_bpm"":300.0,""meter_change_penalty"":3.0,""meters"":[2,3,4,5,6,7],""min_bpm"":30.0,""temperature"":2.0,""tempo_bias"":0.15,""uncertain_sigma"":0.4}"
b43808327c2283417b92865828d2b5d9e56e1323c91020c07f2f4f30376d1d17,False,3,1.1300000000000001,3,0.8984751944534746,0.8049429440084427,0.8773677353113034,0.8646375208478297,0.7517044483144528,0.8221067343715028,0.6094987531140382,0.5446245708955749,0.6180178102737768,"{""bar_reward"":0.0,""candidate_threshold"":0.03,""downbeat_agreement_threshold"":0.6,""downbeat_agreement_tolerance"":0.07,""downbeat_mode"":""snap"",""downbeat_temperature"":4.0,""duration_sigma"":0.12,""duration_weight"":12.0,""fallback_maximal_ratio"":1.8,""fallback_minimal_ratio"":0.9,""fps"":50.0,""local_window_seconds"":8.0,""logit_clip"":6.0,""max_bpm"":300.0,""meter_change_penalty"":3.0,""meters"":[2,3,4,5,6,7],""min_bpm"":30.0,""temperature"":2.0,""tempo_bias"":0.15,""uncertain_sigma"":0.1}"
bb77d4e0ef8b2e25fd0d695c9c7e4086b628f370a94f8d6921b8bfd6884daebc,True,5,1.03,2,0.8989936842872847,0.8064457220172642,0.8789268251080812,0.8652959325649985,0.7526958160920195,0.8230079114577356,0.6096996932801914,0.5473552287511462,0.6203264610161802,"{""bar_reward"":0.0,""candidate_threshold"":0.03,""downbeat_agreement_threshold"":0.6,""downbeat_agreement_tolerance"":0.07,""downbeat_mode"":""snap"",""downbeat_temperature"":4.0,""duration_sigma"":0.12,""duration_weight"":12.0,""fallback_maximal_ratio"":1.8,""fallback_minimal_ratio"":0.9,""fps"":50.0,""local_window_seconds"":8.0,""logit_clip"":6.0,""max_bpm"":300.0,""meter_change_penalty"":3.0,""meters"":[2,3,4,5,6,7],""min_bpm"":30.0,""temperature"":2.0,""tempo_bias"":0.15,""uncertain_sigma"":0.2}"
61c332c6563da3eaee28554085f3316771f9952f909b4723299d9c9d223a41fd,True,6,1.13,3,0.8993621475368909,0.8074795310251088,0.8802161578116411,0.8658265372600398,0.7531930750263833,0.8235989878493045,0.6113335046518358,0.5479415856666171,0.6209128179316509,"{""bar_reward"":0.0,""candidate_threshold"":0.03,""downbeat_agreement_threshold"":0.6,""downbeat_agreement_tolerance"":0.07,""downbeat_mode"":""snap"",""downbeat_temperature"":4.0,""duration_sigma"":0.12,""duration_weight"":12.0,""fallback_maximal_ratio"":1.8,""fallback_minimal_ratio"":0.9,""fps"":50.0,""local_window_seconds"":8.0,""logit_clip"":6.0,""max_bpm"":300.0,""meter_change_penalty"":3.0,""meters"":[2,3,4,5,6,7],""min_bpm"":30.0,""temperature"":2.0,""tempo_bias"":0.15,""uncertain_sigma"":0.3}"
2ef7a06f33e04e35573b050ba7f98daa642b512d55c136eb02f1193cc6852313,True,6,1.23,3,0.8993251070877819,0.8075521716035421,0.8804038291910625,0.8658740009220275,0.7531978423177754,0.8235686731421678,0.6121232054945657,0.5487624130483613,0.6219101044506381,"{""bar_reward"":0.0,""candidate_threshold"":0.03,""downbeat_agreement_threshold"":0.6,""downbeat_agreement_tolerance"":0.07,""downbeat_mode"":""snap"",""downbeat_temperature"":4.0,""duration_sigma"":0.12,""duration_weight"":12.0,""fallback_maximal_ratio"":1.8,""fallback_minimal_ratio"":0.9,""fps"":50.0,""local_window_seconds"":8.0,""logit_clip"":6.0,""max_bpm"":300.0,""meter_change_penalty"":3.0,""meters"":[2,3,4,5,6,7],""min_bpm"":30.0,""temperature"":2.0,""tempo_bias"":0.15,""uncertain_sigma"":0.4}"
4cf790bb9f603d2549f25be4a3d0e2c41a9549c6d1c990227107fcc44049d8f5,True,5,1.1,2,0.8985904732256208,0.8052133977355088,0.8776892378240736,0.8651276289903046,0.7524717161247568,0.8228745422699384,0.609907963056564,0.5483700082798583,0.6217122044575227,"{""bar_reward"":0.0,""candidate_threshold"":0.03,""downbeat_agreement_threshold"":0.6,""downbeat_agreement_tolerance"":0.07,""downbeat_mode"":""snap"",""downbeat_temperature"":4.0,""duration_sigma"":0.15,""duration_weight"":12.0,""fallback_maximal_ratio"":1.8,""fallback_minimal_ratio"":0.9,""fps"":50.0,""local_window_seconds"":8.0,""logit_clip"":6.0,""max_bpm"":300.0,""meter_change_penalty"":3.0,""meters"":[2,3,4,5,6,7],""min_bpm"":30.0,""temperature"":2.0,""tempo_bias"":0.15,""uncertain_sigma"":0.1}"
484255ce83833f497c6a5e7c1e232a7065e05c7bc688f3ebe49a17624fee38d8,True,5,1.0,1,0.8992029565320416,0.8069699666475965,0.879580045803189,0.8653555259001671,0.7526342682515882,0.8229540363926041,0.6102060638004095,0.5476434655768303,0.6206146978418643,"{""bar_reward"":0.0,""candidate_threshold"":0.03,""downbeat_agreement_threshold"":0.6,""downbeat_agreement_tolerance"":0.07,""downbeat_mode"":""snap"",""downbeat_temperature"":4.0,""duration_sigma"":0.15,""duration_weight"":12.0,""fallback_maximal_ratio"":1.8,""fallback_minimal_ratio"":0.9,""fps"":50.0,""local_window_seconds"":8.0,""logit_clip"":6.0,""max_bpm"":300.0,""meter_change_penalty"":3.0,""meters"":[2,3,4,5,6,7],""min_bpm"":30.0,""temperature"":2.0,""tempo_bias"":0.15,""uncertain_sigma"":0.2}"
5c0d67e3011c552216adba942bd04acb0121c948563d7311b934716327f0a374,True,6,1.1,2,0.899386311288651,0.807478306953579,0.8802505693348103,0.865907592314605,0.7532054631802485,0.8236624134046813,0.6124459901198178,0.5486580451695225,0.6216635437918469,"{""bar_reward"":0.0,""candidate_threshold"":0.03,""downbeat_agreement_threshold"":0.6,""downbeat_agreement_tolerance"":0.07,""downbeat_mode"":""snap"",""downbeat_temperature"":4.0,""duration_sigma"":0.15,""duration_weight"":12.0,""fallback_maximal_ratio"":1.8,""fallback_minimal_ratio"":0.9,""fps"":50.0,""local_window_seconds"":8.0,""logit_clip"":6.0,""max_bpm"":300.0,""meter_change_penalty"":3.0,""meters"":[2,3,4,5,6,7],""min_bpm"":30.0,""temperature"":2.0,""tempo_bias"":0.15,""uncertain_sigma"":0.3}"
71b227765bf5c500c3e77fc1ffe492afe3c91d68d0392b74a6522a0e0ad7ab9f,True,6,1.2,2,0.8994932094850255,0.8077029627038478,0.8807081162794774,0.8659579981905123,0.753149242374138,0.823554625370352,0.6125904392219552,0.5484870995950488,0.6216347909973257,"{""bar_reward"":0.0,""candidate_threshold"":0.03,""downbeat_agreement_threshold"":0.6,""downbeat_agreement_tolerance"":0.07,""downbeat_mode"":""snap"",""downbeat_temperature"":4.0,""duration_sigma"":0.15,""duration_weight"":12.0,""fallback_maximal_ratio"":1.8,""fallback_minimal_ratio"":0.9,""fps"":50.0,""local_window_seconds"":8.0,""logit_clip"":6.0,""max_bpm"":300.0,""meter_change_penalty"":3.0,""meters"":[2,3,4,5,6,7],""min_bpm"":30.0,""temperature"":2.0,""tempo_bias"":0.15,""uncertain_sigma"":0.4}"
2cc20924d0d31df5800d8deea02d971e609d4a1b79c4b95a8b79495701b8d3b2,True,6,1.1300000000000001,3,0.8989206384491263,0.8064897634263105,0.8786069431121165,0.86538901853126,0.7527412881123261,0.823085083565565,0.6095454688570164,0.5484257815704211,0.6208183101317514,"{""bar_reward"":0.0,""candidate_threshold"":0.03,""downbeat_agreement_threshold"":0.6,""downbeat_agreement_tolerance"":0.07,""downbeat_mode"":""snap"",""downbeat_temperature"":4.0,""duration_sigma"":0.18,""duration_weight"":12.0,""fallback_maximal_ratio"":1.8,""fallback_minimal_ratio"":0.9,""fps"":50.0,""local_window_seconds"":8.0,""logit_clip"":6.0,""max_bpm"":300.0,""meter_change_penalty"":3.0,""meters"":[2,3,4,5,6,7],""min_bpm"":30.0,""temperature"":2.0,""tempo_bias"":0.15,""uncertain_sigma"":0.1}"
c905ab67eeb2ee1b0ccff358728b4510bfa7b5a46f1d663b89d935251a50c969,True,6,1.03,2,0.8993682691587815,0.8072506597071568,0.8799140468948925,0.8657381817899974,0.7529890760929614,0.8232999905856673,0.610845699822339,0.5476434655768303,0.6206146978418643,"{""bar_reward"":0.0,""candidate_threshold"":0.03,""downbeat_agreement_threshold"":0.6,""downbeat_agreement_tolerance"":0.07,""downbeat_mode"":""snap"",""downbeat_temperature"":4.0,""duration_sigma"":0.18,""duration_weight"":12.0,""fallback_maximal_ratio"":1.8,""fallback_minimal_ratio"":0.9,""fps"":50.0,""local_window_seconds"":8.0,""logit_clip"":6.0,""max_bpm"":300.0,""meter_change_penalty"":3.0,""meters"":[2,3,4,5,6,7],""min_bpm"":30.0,""temperature"":2.0,""tempo_bias"":0.15,""uncertain_sigma"":0.2}"
58d0a9879ae221aaf48c06125eabdc0fbeb8fdb85214a30b4e826568e4a1de96,True,6,1.13,3,0.8993075028148314,0.8074834136248307,0.8803127573412769,0.8658881078891879,0.753226330819954,0.823641934824717,0.6119874371856966,0.5469531034562967,0.6201007948585734,"{""bar_reward"":0.0,""candidate_threshold"":0.03,""downbeat_agreement_threshold"":0.6,""downbeat_agreement_tolerance"":0.07,""downbeat_mode"":""snap"",""downbeat_temperature"":4.0,""duration_sigma"":0.18,""duration_weight"":12.0,""fallback_maximal_ratio"":1.8,""fallback_minimal_ratio"":0.9,""fps"":50.0,""local_window_seconds"":8.0,""logit_clip"":6.0,""max_bpm"":300.0,""meter_change_penalty"":3.0,""meters"":[2,3,4,5,6,7],""min_bpm"":30.0,""temperature"":2.0,""tempo_bias"":0.15,""uncertain_sigma"":0.3}"
7491675872b5eabeabc6025cdc8eff06d092ce7871465f1fd0a28f7e80c0a373,True,6,1.23,3,0.8995459817805054,0.8077084261727955,0.8806445811318208,0.8660743036387257,0.7529904517665794,0.8234319158139264,0.612655921171495,0.5485338719339246,0.6216815633362013,"{""bar_reward"":0.0,""candidate_threshold"":0.03,""downbeat_agreement_threshold"":0.6,""downbeat_agreement_tolerance"":0.07,""downbeat_mode"":""snap"",""downbeat_temperature"":4.0,""duration_sigma"":0.18,""duration_weight"":12.0,""fallback_maximal_ratio"":1.8,""fallback_minimal_ratio"":0.9,""fps"":50.0,""local_window_seconds"":8.0,""logit_clip"":6.0,""max_bpm"":300.0,""meter_change_penalty"":3.0,""meters"":[2,3,4,5,6,7],""min_bpm"":30.0,""temperature"":2.0,""tempo_bias"":0.15,""uncertain_sigma"":0.4}"
